id,learnerEmail,courseId,courseTitle,conceptId,masteryScore,learningTime,tracesCount,completedLabsCount,averageAssessmentScore,knowledgeGapsCount,profileType,pedagogicalStrategy,recommendationContext,lastActivityType,lastActivityScore,repeatedFailuresCount,persistentDifficulty,remediationSuccess,highMasteryProgression,readyConceptsCount,lockedConceptsCount,completedConceptsCount,recommendedPathSize,prerequisiteScore,diagnosticWeaknessScore,historicalPerformanceScore,pedagogicalOrderScore,engagementScore,adaptiveScore,recommendedConcept,nextAction,remediationTriggered,recommendationReason,conceptCompleted,conceptCompletedAfterRecommendation,quizScoreAfterRecommendation,labSubmittedAfterRecommendation,remediationSucceeded,learnerDropped,recommendationAccepted,outcomeCapturedAt,createdAt,syntheticProfile,syntheticDatasetNote
1,synthetic.average_learner.68@test.local,ae-runtime-course-c,Programmation C,ae-runtime-concept-types,64.22,389,25,6,67.41,2,PROGRESSING,RECOVERY,REMEDIATION,REMEDIATION,62.0,0,False,,False,1,3,1,7,0.5,1.0,0.7,0.66,0.69,0.698,Types de donnees,REMEDIATION,True,Synthetic recommendation for Types de donnees based on AVERAGE_LEARNER.,False,False,,False,,False,True,2026-05-03T02:16:00,2026-05-02T04:16:00,AVERAGE_LEARNER,synthetic experimental dataset generated from AdaptiveEngine feature schema
2,synthetic.struggling_learner.151@test.local,ae-runtime-course-structures,Structures de donnees,ae-runtime-concept-conditions,37.15,194,4,3,27.15,5,NEEDS_REMEDIATION,RECOVERY,REMEDIATION,QUIZ,9.17,5,True,,False,0,6,3,14,0.0,1.0,0.4,0.27,0.52,0.402,Conditions,REMEDIATION,True,Synthetic recommendation for Conditions based on STRUGGLING_LEARNER.,False,False,,True,,False,False,2026-05-03T20:47:00,2026-05-03T03:47:00,STRUGGLING_LEARNER,synthetic experimental dataset generated from AdaptiveEngine feature schema
3,synthetic.average_learner.93@test.local,ae-runtime-course-algo,Algorithmique,ae-runtime-concept-boucles,73.18,71,13,0,61.24,1,PROGRESSING,STANDARD,LEARN,QUIZ,57.27,0,False,,False,7,6,1,15,0.5,0.7,0.7,0.64,0.64,0.615,Boucles,LEARN,False,Synthetic recommendation for Boucles based on AVERAGE_LEARNER.,False,False,57.27,True,,False,True,2026-05-05T00:21:00,2026-05-02T11:21:00,AVERAGE_LEARNER,synthetic experimental dataset generated from AdaptiveEngine feature schema
4,synthetic.average_learner.94@test.local,ae-runtime-course-structures,Structures de donnees,ae-runtime-concept-conditions,61.39,109,15,0,76.51,1,PROGRESSING,STANDARD,LEARN,REMEDIATION,62.0,2,False,,False,2,7,4,14,0.5,0.7,0.7,0.42,0.74,0.592,Conditions,LEARN,False,Synthetic recommendation for Conditions based on AVERAGE_LEARNER.,False,False,,False,,False,False,2026-05-02T16:38:00,2026-05-02T11:38:00,AVERAGE_LEARNER,synthetic experimental dataset generated from AdaptiveEngine feature schema
5,synthetic.average_learner.112@test.local,ae-runtime-course-c,Programmation C,ae-runtime-concept-pointeurs,65.48,158,16,1,56.29,0,PROGRESSING,RECOVERY,REMEDIATION,DIAGNOSTIC,42.94,0,False,,False,6,0,1,8,1.0,0.3,0.4,0.68,0.45,0.632,Pointeurs,REMEDIATION,True,Synthetic recommendation for Pointeurs based on AVERAGE_LEARNER.,False,False,,False,,False,False,2026-05-05T05:44:00,2026-05-02T16:44:00,AVERAGE_LEARNER,synthetic experimental dataset generated from AdaptiveEngine feature schema
6,synthetic.high_performer.1@test.local,ae-runtime-course-structures,Structures de donnees,ae-runtime-concept-types,82.4,249,13,11,84.95,0,HIGH_PERFORMING,ADVANCED,VALIDATION,VALIDATION,82.53,0,False,,True,6,0,12,19,1.0,0.3,1.0,0.27,0.78,0.694,Types de donnees,COMPLETED,False,Synthetic recommendation for Types de donnees based on HIGH_PERFORMER.,True,True,82.53,True,,False,True,2026-05-02T14:17:00,2026-05-01T09:17:00,HIGH_PERFORMER,synthetic experimental dataset generated from AdaptiveEngine feature schema
7,synthetic.remediation_success.178@test.local,ae-runtime-course-c,Programmation C,ae-runtime-concept-fonctions,79.73,418,11,1,80.87,1,PROGRESSING,RECOVERY,REMEDIATION,LAB,86.3,4,False,True,False,5,6,11,23,0.5,0.7,1.0,0.74,0.7,0.681,Fonctions,LEARN,True,Synthetic recommendation for Fonctions based on REMEDIATION_SUCCESS.,True,True,86.3,True,True,False,True,2026-05-05T12:26:00,2026-05-03T11:26:00,REMEDIATION_SUCCESS,synthetic experimental dataset generated from AdaptiveEngine feature schema
8,synthetic.average_learner.101@test.local,ae-runtime-course-algo,Algorithmique,ae-runtime-concept-conditions,71.44,111,18,6,77.5,1,PROGRESSING,RECOVERY,REMEDIATION,VALIDATION,83.87,1,False,,False,2,7,5,15,0.5,0.7,0.7,0.89,0.66,0.655,Conditions,REMEDIATION,True,Synthetic recommendation for Conditions based on AVERAGE_LEARNER.,True,True,83.87,False,,False,True,2026-05-03T05:37:00,2026-05-02T13:37:00,AVERAGE_LEARNER,synthetic experimental dataset generated from AdaptiveEngine feature schema
9,synthetic.struggling_learner.157@test.local,ae-runtime-course-algo,Algorithmique,ae-runtime-concept-pointeurs,20.98,66,5,1,51.31,5,NEEDS_REMEDIATION,RECOVERY,REMEDIATION,VALIDATION,60.0,4,True,,False,3,2,2,12,0.0,1.0,0.4,0.33,0.39,0.398,Pointeurs,REMEDIATION,True,Synthetic recommendation for Pointeurs based on STRUGGLING_LEARNER.,True,True,60.0,False,,False,True,2026-05-04T15:29:00,2026-05-03T05:29:00,STRUGGLING_LEARNER,synthetic experimental dataset generated from AdaptiveEngine feature schema
10,synthetic.struggling_learner.131@test.local,ae-runtime-course-structures,Structures de donnees,ae-runtime-concept-tableaux,33.46,309,7,3,38.55,2,NEEDS_REMEDIATION,RECOVERY,REMEDIATION,REMEDIATION,26.46,6,True,,False,3,3,3,11,0.5,1.0,0.4,0.8,0.38,0.643,Tableaux,REMEDIATION,True,Synthetic recommendation for Tableaux based on STRUGGLING_LEARNER.,False,False,,True,,False,False,2026-05-03T15:07:00,2026-05-02T22:07:00,STRUGGLING_LEARNER,synthetic experimental dataset generated from AdaptiveEngine feature schema
11,synthetic.average_learner.111@test.local,ae-runtime-course-algo,Algorithmique,ae-runtime-concept-types,75.71,354,18,1,67.06,2,PROGRESSING,RECOVERY,REMEDIATION,DIAGNOSTIC,61.49,2,False,,False,2,5,11,20,0.5,1.0,0.7,0.4,0.53,0.643,Types de donnees,REMEDIATION,True,Synthetic recommendation for Types de donnees based on AVERAGE_LEARNER.,False,False,,True,,False,True,2026-05-03T03:27:00,2026-05-02T16:27:00,AVERAGE_LEARNER,synthetic experimental dataset generated from AdaptiveEngine feature schema
12,synthetic.average_learner.107@test.local,ae-runtime-course-c,Programmation C,ae-runtime-concept-boucles,69.48,409,23,5,71.19,0,PROGRESSING,RECOVERY,REMEDIATION,LAB,62.0,2,False,,False,4,1,2,8,1.0,0.3,0.7,0.49,0.58,0.661,Boucles,REMEDIATION,True,Synthetic recommendation for Boucles based on AVERAGE_LEARNER.,False,False,62.0,True,,False,False,2026-05-05T04:19:00,2026-05-02T15:19:00,AVERAGE_LEARNER,synthetic experimental dataset generated from AdaptiveEngine feature schema
13,synthetic.struggling_learner.173@test.local,ae-runtime-course-c,Programmation C,ae-runtime-concept-pointeurs,48.19,106,7,0,57.83,5,NEEDS_REMEDIATION,RECOVERY,REMEDIATION,DIAGNOSTIC,65.63,5,True,,False,1,3,5,14,0.0,1.0,0.4,0.88,0.3,0.472,Pointeurs,REMEDIATION,True,Synthetic recommendation for Pointeurs based on STRUGGLING_LEARNER.,True,True,65.63,True,,False,True,2026-05-06T03:01:00,2026-05-03T10:01:00,STRUGGLING_LEARNER,synthetic experimental dataset generated from AdaptiveEngine feature schema
14,synthetic.struggling_learner.155@test.local,ae-runtime-course-c,Programmation C,ae-runtime-concept-pointeurs,21.45,300,5,0,38.22,3,NEEDS_REMEDIATION,RECOVERY,REMEDIATION,DIAGNOSTIC,60.0,4,True,,False,2,4,0,9,0.0,1.0,0.4,0.83,0.47,0.481,Pointeurs,REMEDIATION,True,Synthetic recommendation for Pointeurs based on STRUGGLING_LEARNER.,True,True,60.0,True,,False,True,2026-05-03T14:55:00,2026-05-03T04:55:00,STRUGGLING_LEARNER,synthetic experimental dataset generated from AdaptiveEngine feature schema
15,synthetic.average_learner.117@test.local,ae-runtime-course-structures,Structures de donnees,ae-runtime-concept-pointeurs,54.75,74,21,1,61.19,0,PROGRESSING,STANDARD,LEARN,QUIZ,65.56,0,False,,False,4,1,1,7,1.0,0.3,0.7,0.52,0.54,0.662,Pointeurs,LEARN,False,Synthetic recommendation for Pointeurs based on AVERAGE_LEARNER.,True,True,65.56,True,,False,True,2026-05-05T05:09:00,2026-05-02T18:09:00,AVERAGE_LEARNER,synthetic experimental dataset generated from AdaptiveEngine feature schema
16,synthetic.remediation_failure.246@test.local,ae-runtime-course-structures,Structures de donnees,ae-runtime-concept-conditions,35.05,175,9,2,54.54,3,NEEDS_REMEDIATION,RECOVERY,REMEDIATION,REMEDIATION,37.19,5,True,False,False,2,3,5,13,0.0,1.0,0.4,0.91,0.47,0.493,Conditions,REMEDIATION,True,Synthetic recommendation for Conditions based on REMEDIATION_FAILURE.,False,False,37.19,False,False,False,False,2026-05-06T11:42:00,2026-05-04T06:42:00,REMEDIATION_FAILURE,synthetic experimental dataset generated from AdaptiveEngine feature schema
17,synthetic.average_learner.259@test.local,ae-runtime-course-structures,Structures de donnees,ae-runtime-concept-pointeurs,61.59,185,15,4,62.68,2,PROGRESSING,STANDARD,LEARN,DIAGNOSTIC,,0,False,,False,0,4,2,8,0.5,0.3,0.7,0.68,0.63,0.52,Pointeurs,LEARN,False,Synthetic recommendation for Pointeurs based on AVERAGE_LEARNER.,,,,,,,,,2026-05-04T10:23:00,AVERAGE_LEARNER,synthetic experimental dataset generated from AdaptiveEngine feature schema
18,synthetic.struggling_learner.170@test.local,ae-runtime-course-structures,Structures de donnees,ae-runtime-concept-types,34.06,418,3,3,27.39,5,NEEDS_REMEDIATION,RECOVERY,REMEDIATION,DIAGNOSTIC,60.0,5,True,,False,2,5,4,16,0.0,1.0,0.4,0.84,0.22,0.458,Types de donnees,REMEDIATION,True,Synthetic recommendation for Types de donnees based on STRUGGLING_LEARNER.,True,True,,True,,False,True,2026-05-04T09:10:00,2026-05-03T09:10:00,STRUGGLING_LEARNER,synthetic experimental dataset generated from AdaptiveEngine feature schema
19,synthetic.struggling_learner.159@test.local,ae-runtime-course-structures,Structures de donnees,ae-runtime-concept-pointeurs,50.83,84,1,2,46.11,3,NEEDS_REMEDIATION,RECOVERY,REMEDIATION,DIAGNOSTIC,60.0,6,True,,False,0,5,1,9,0.0,1.0,0.4,0.88,0.5,0.492,Pointeurs,REMEDIATION,True,Synthetic recommendation for Pointeurs based on STRUGGLING_LEARNER.,True,True,60.0,True,,False,True,2026-05-04T07:03:00,2026-05-03T06:03:00,STRUGGLING_LEARNER,synthetic experimental dataset generated from AdaptiveEngine feature schema
20,synthetic.high_performer.3@test.local,ae-runtime-course-c,Programmation C,ae-runtime-concept-boucles,93.27,331,20,8,80.82,1,HIGH_PERFORMING,STANDARD,LEARN,QUIZ,78.54,0,False,,False,3,4,9,17,0.5,0.7,1.0,0.49,0.78,0.651,Boucles,LEARN,False,Synthetic recommendation for Boucles based on HIGH_PERFORMER.,True,True,78.54,False,,False,True,2026-05-01T19:51:00,2026-05-01T09:51:00,HIGH_PERFORMER,synthetic experimental dataset generated from AdaptiveEngine feature schema
21,synthetic.struggling_learner.162@test.local,ae-runtime-course-structures,Structures de donnees,ae-runtime-concept-pointeurs,19.32,88,1,5,53.8,3,NEEDS_REMEDIATION,RECOVERY,REMEDIATION,LAB,54.34,3,True,,False,2,4,2,11,0.0,1.0,0.4,0.87,0.29,0.47,Pointeurs,REMEDIATION,True,Synthetic recommendation for Pointeurs based on STRUGGLING_LEARNER.,False,False,,False,,False,False,2026-05-04T12:54:00,2026-05-03T06:54:00,STRUGGLING_LEARNER,synthetic experimental dataset generated from AdaptiveEngine feature schema
22,synthetic.remediation_failure.243@test.local,ae-runtime-course-c,Programmation C,ae-runtime-concept-variables,22.33,65,18,3,45.09,4,NEEDS_REMEDIATION,RECOVERY,REMEDIATION,QUIZ,29.28,3,True,False,False,3,6,5,18,0.0,1.0,0.4,0.86,0.43,0.482,Variables,REMEDIATION,True,Synthetic recommendation for Variables based on REMEDIATION_FAILURE.,False,False,29.28,False,False,False,True,2026-05-07T02:51:00,2026-05-04T05:51:00,REMEDIATION_FAILURE,synthetic experimental dataset generated from AdaptiveEngine feature schema
23,synthetic.high_performer.18@test.local,ae-runtime-course-algo,Algorithmique,ae-runtime-concept-boucles,82.38,325,23,8,83.48,0,HIGH_PERFORMING,ADVANCED,VALIDATION,REMEDIATION,80.8,1,False,,True,2,0,8,11,1.0,0.3,1.0,0.5,0.81,0.731,Boucles,COMPLETED,False,Synthetic recommendation for Boucles based on HIGH_PERFORMER.,True,True,,True,,False,True,2026-05-02T04:06:00,2026-05-01T14:06:00,HIGH_PERFORMER,synthetic experimental dataset generated from AdaptiveEngine feature schema
24,synthetic.average_learner.66@test.local,ae-runtime-course-c,Programmation C,ae-runtime-concept-fonctions,70.26,306,17,4,70.1,0,PROGRESSING,STANDARD,LEARN,REMEDIATION,60.72,1,False,,False,7,2,5,15,1.0,0.3,0.7,0.31,0.75,0.651,Fonctions,LEARN,False,Synthetic recommendation for Fonctions based on AVERAGE_LEARNER.,False,False,60.72,False,,False,False,2026-05-03T19:42:00,2026-05-02T03:42:00,AVERAGE_LEARNER,synthetic experimental dataset generated from AdaptiveEngine feature schema
25,synthetic.average_learner.123@test.local,ae-runtime-course-c,Programmation C,ae-runtime-concept-listes,52.73,238,16,1,71.61,0,PROGRESSING,STANDARD,LEARN,REMEDIATION,58.98,1,False,,False,7,0,5,13,1.0,0.3,0.7,0.29,0.6,0.633,Listes chainees,LEARN,False,Synthetic recommendation for Listes chainees based on AVERAGE_LEARNER.,False,False,58.98,True,,False,True,2026-05-05T19:51:00,2026-05-02T19:51:00,AVERAGE_LEARNER,synthetic experimental dataset generated from AdaptiveEngine feature schema
26,synthetic.high_performer.28@test.local,ae-runtime-course-algo,Algorithmique,ae-runtime-concept-variables,96.86,197,26,6,90.36,1,HIGH_PERFORMING,STANDARD,LEARN,VALIDATION,96.41,1,False,,False,2,7,8,18,0.5,0.7,1.0,0.72,0.97,0.705,Variables,LEARN,False,Synthetic recommendation for Variables based on HIGH_PERFORMER.,True,True,96.41,True,,False,True,2026-05-01T22:56:00,2026-05-01T16:56:00,HIGH_PERFORMER,synthetic experimental dataset generated from AdaptiveEngine feature schema
27,synthetic.remediation_failure.230@test.local,ae-runtime-course-structures,Structures de donnees,ae-runtime-concept-tableaux,48.19,326,20,4,36.67,5,NEEDS_REMEDIATION,RECOVERY,REMEDIATION,VALIDATION,22.78,5,True,False,False,3,3,4,15,0.0,1.0,0.4,0.23,0.25,0.37,Tableaux,REMEDIATION,True,Synthetic recommendation for Tableaux based on REMEDIATION_FAILURE.,False,False,22.78,False,False,False,True,2026-05-05T14:10:00,2026-05-04T02:10:00,REMEDIATION_FAILURE,synthetic experimental dataset generated from AdaptiveEngine feature schema
28,synthetic.high_performer.32@test.local,ae-runtime-course-c,Programmation C,ae-runtime-concept-tableaux,87.63,71,11,6,88.17,0,HIGH_PERFORMING,ADVANCED,LEARN,QUIZ,86.76,0,False,,True,3,2,11,17,1.0,0.3,1.0,0.76,0.81,0.77,Tableaux,LEARN,False,Synthetic recommendation for Tableaux based on HIGH_PERFORMER.,True,True,86.76,True,,False,True,2026-05-03T07:04:00,2026-05-01T18:04:00,HIGH_PERFORMER,synthetic experimental dataset generated from AdaptiveEngine feature schema
29,synthetic.remediation_failure.250@test.local,ae-runtime-course-algo,Algorithmique,ae-runtime-concept-pointeurs,38.06,257,15,7,43.96,4,NEEDS_REMEDIATION,RECOVERY,REMEDIATION,REMEDIATION,39.45,6,True,False,False,1,5,2,12,0.0,1.0,0.4,0.78,0.2,0.447,Pointeurs,REMEDIATION,True,Synthetic recommendation for Pointeurs based on REMEDIATION_FAILURE.,False,False,39.45,False,False,False,True,2026-05-05T02:50:00,2026-05-04T07:50:00,REMEDIATION_FAILURE,synthetic experimental dataset generated from AdaptiveEngine feature schema
30,synthetic.average_learner.67@test.local,ae-runtime-course-c,Programmation C,ae-runtime-concept-conditions,68.76,135,17,0,74.07,2,PROGRESSING,STANDARD,LEARN,QUIZ,62.0,2,False,,False,2,4,1,9,0.5,0.3,0.7,0.52,0.69,0.502,Conditions,LEARN,False,Synthetic recommendation for Conditions based on AVERAGE_LEARNER.,False,False,62.0,False,,False,True,2026-05-03T04:59:00,2026-05-02T03:59:00,AVERAGE_LEARNER,synthetic experimental dataset generated from AdaptiveEngine feature schema
31,synthetic.remediation_success.191@test.local,ae-runtime-course-algo,Algorithmique,ae-runtime-concept-tableaux,66.61,296,13,3,71.75,2,PROGRESSING,RECOVERY,REMEDIATION,LAB,71.71,6,False,True,False,0,7,2,11,0.5,1.0,0.7,0.46,0.84,0.683,Tableaux,LEARN,True,Synthetic recommendation for Tableaux based on REMEDIATION_SUCCESS.,True,True,,True,True,False,True,2026-05-05T00:07:00,2026-05-03T15:07:00,REMEDIATION_SUCCESS,synthetic experimental dataset generated from AdaptiveEngine feature schema
32,synthetic.average_learner.121@test.local,ae-runtime-course-structures,Structures de donnees,ae-runtime-concept-types,53.06,305,26,6,60.71,0,PROGRESSING,STANDARD,LEARN,VALIDATION,42.94,2,False,,False,4,1,0,6,1.0,0.3,0.7,0.68,0.67,0.699,Types de donnees,LEARN,False,Synthetic recommendation for Types de donnees based on AVERAGE_LEARNER.,False,False,42.94,False,,False,False,2026-05-05T14:17:00,2026-05-02T19:17:00,AVERAGE_LEARNER,synthetic experimental dataset generated from AdaptiveEngine feature schema
33,synthetic.average_learner.65@test.local,ae-runtime-course-c,Programmation C,ae-runtime-concept-types,64.13,68,18,6,58.97,1,PROGRESSING,STANDARD,LEARN,VALIDATION,60.0,1,False,,False,4,7,4,16,0.5,0.7,0.4,0.89,0.53,0.597,Types de donnees,LEARN,False,Synthetic recommendation for Types de donnees based on AVERAGE_LEARNER.,True,True,60.0,True,,False,True,2026-05-03T22:25:00,2026-05-02T03:25:00,AVERAGE_LEARNER,synthetic experimental dataset generated from AdaptiveEngine feature schema
34,synthetic.remediation_failure.225@test.local,ae-runtime-course-structures,Structures de donnees,ae-runtime-concept-boucles,38.08,116,11,2,50.4,4,NEEDS_REMEDIATION,RECOVERY,REMEDIATION,LAB,42.42,5,True,False,False,2,2,5,13,0.0,1.0,0.4,0.84,0.41,0.477,Boucles,REMEDIATION,True,Synthetic recommendation for Boucles based on REMEDIATION_FAILURE.,False,False,42.42,False,False,False,True,2026-05-06T15:45:00,2026-05-04T00:45:00,REMEDIATION_FAILURE,synthetic experimental dataset generated from AdaptiveEngine feature schema
35,synthetic.high_performer.25@test.local,ae-runtime-course-c,Programmation C,ae-runtime-concept-pointeurs,95.66,33,18,8,97.16,0,HIGH_PERFORMING,ADVANCED,LEARN,REMEDIATION,100.0,1,False,,True,7,2,10,20,1.0,0.3,1.0,0.56,0.84,0.743,Pointeurs,LEARN,False,Synthetic recommendation for Pointeurs based on HIGH_PERFORMER.,True,True,,False,,False,True,2026-05-04T13:05:00,2026-05-01T16:05:00,HIGH_PERFORMER,synthetic experimental dataset generated from AdaptiveEngine feature schema
36,synthetic.struggling_learner.150@test.local,ae-runtime-course-algo,Algorithmique,ae-runtime-concept-fonctions,36.15,380,3,2,50.07,3,NEEDS_REMEDIATION,RECOVERY,REMEDIATION,LAB,49.81,6,True,,False,1,6,2,12,0.0,1.0,0.4,0.94,0.43,0.494,Fonctions,REMEDIATION,True,Synthetic recommendation for Fonctions based on STRUGGLING_LEARNER.,False,False,49.81,False,,False,False,2026-05-03T07:30:00,2026-05-03T03:30:00,STRUGGLING_LEARNER,synthetic experimental dataset generated from AdaptiveEngine feature schema
37,synthetic.remediation_failure.233@test.local,ae-runtime-course-c,Programmation C,ae-runtime-concept-boucles,41.21,175,17,6,22.69,3,NEEDS_REMEDIATION,RECOVERY,REMEDIATION,DIAGNOSTIC,22.81,6,True,False,False,2,7,0,12,0.0,1.0,0.4,0.68,0.53,0.465,Boucles,REMEDIATION,True,Synthetic recommendation for Boucles based on REMEDIATION_FAILURE.,False,False,22.81,True,False,False,False,2026-05-04T13:01:00,2026-05-04T03:01:00,REMEDIATION_FAILURE,synthetic experimental dataset generated from AdaptiveEngine feature schema
38,synthetic.average_learner.95@test.local,ae-runtime-course-algo,Algorithmique,ae-runtime-concept-variables,77.92,259,9,5,64.13,2,PROGRESSING,STANDARD,LEARN,LAB,65.95,1,False,,False,2,5,12,21,0.5,0.3,0.7,0.63,0.61,0.51,Variables,LEARN,False,Synthetic recommendation for Variables based on AVERAGE_LEARNER.,True,True,,True,,False,True,2026-05-05T04:55:00,2026-05-02T11:55:00,AVERAGE_LEARNER,synthetic experimental dataset generated from AdaptiveEngine feature schema
39,synthetic.remediation_failure.242@test.local,ae-runtime-course-algo,Algorithmique,ae-runtime-concept-fonctions,35.75,376,10,0,20.86,3,NEEDS_REMEDIATION,RECOVERY,REMEDIATION,VALIDATION,14.45,4,True,False,False,3,6,5,17,0.0,1.0,0.4,0.67,0.26,0.436,Fonctions,REMEDIATION,True,Synthetic recommendation for Fonctions based on REMEDIATION_FAILURE.,False,False,14.45,True,False,False,True,2026-05-05T07:34:00,2026-05-04T05:34:00,REMEDIATION_FAILURE,synthetic experimental dataset generated from AdaptiveEngine feature schema
40,synthetic.remediation_success.190@test.local,ae-runtime-course-algo,Algorithmique,ae-runtime-concept-variables,62.0,226,8,5,72.42,2,PROGRESSING,RECOVERY,REMEDIATION,DIAGNOSTIC,55.92,5,False,True,False,1,3,4,10,0.5,1.0,0.7,0.61,0.57,0.679,Variables,REMEDIATION,True,Synthetic recommendation for Variables based on REMEDIATION_SUCCESS.,False,False,55.92,True,True,False,True,2026-05-06T11:50:00,2026-05-03T14:50:00,REMEDIATION_SUCCESS,synthetic experimental dataset generated from AdaptiveEngine feature schema
41,synthetic.high_performer.16@test.local,ae-runtime-course-c,Programmation C,ae-runtime-concept-variables,83.79,201,10,3,97.01,0,HIGH_PERFORMING,ADVANCED,VALIDATION,VALIDATION,100.0,0,False,,True,4,1,4,10,1.0,0.3,1.0,0.31,0.91,0.712,Variables,COMPLETED,False,Synthetic recommendation for Variables based on HIGH_PERFORMER.,True,True,100.0,True,,False,False,2026-05-02T03:32:00,2026-05-01T13:32:00,HIGH_PERFORMER,synthetic experimental dataset generated from AdaptiveEngine feature schema
42,synthetic.struggling_learner.142@test.local,ae-runtime-course-algo,Algorithmique,ae-runtime-concept-listes,47.45,409,5,3,49.39,2,NEEDS_REMEDIATION,RECOVERY,REMEDIATION,QUIZ,52.77,6,True,,False,3,4,4,13,0.5,1.0,0.4,0.42,0.29,0.577,Listes chainees,REMEDIATION,True,Synthetic recommendation for Listes chainees based on STRUGGLING_LEARNER.,False,False,,False,,False,True,2026-05-05T23:14:00,2026-05-03T01:14:00,STRUGGLING_LEARNER,synthetic experimental dataset generated from AdaptiveEngine feature schema
43,synthetic.high_performer.38@test.local,ae-runtime-course-structures,Structures de donnees,ae-runtime-concept-listes,96.66,38,9,5,83.27,1,HIGH_PERFORMING,STANDARD,VALIDATION,REMEDIATION,82.02,0,False,,False,4,5,11,21,0.5,0.7,1.0,0.45,0.88,0.655,Listes chainees,COMPLETED,False,Synthetic recommendation for Listes chainees based on HIGH_PERFORMER.,True,True,,True,,False,True,2026-05-04T18:46:00,2026-05-01T19:46:00,HIGH_PERFORMER,synthetic experimental dataset generated from AdaptiveEngine feature schema
44,synthetic.remediation_success.206@test.local,ae-runtime-course-structures,Structures de donnees,ae-runtime-concept-conditions,81.45,237,22,6,77.4,2,PROGRESSING,RECOVERY,REMEDIATION,QUIZ,76.96,6,False,True,False,1,5,10,18,0.5,1.0,0.7,0.23,0.55,0.62,Conditions,LEARN,True,Synthetic recommendation for Conditions based on REMEDIATION_SUCCESS.,True,True,,False,True,False,True,2026-05-04T08:22:00,2026-05-03T19:22:00,REMEDIATION_SUCCESS,synthetic experimental dataset generated from AdaptiveEngine feature schema
45,synthetic.remediation_success.185@test.local,ae-runtime-course-algo,Algorithmique,ae-runtime-concept-conditions,60.69,173,13,4,80.12,1,PROGRESSING,RECOVERY,REMEDIATION,VALIDATION,62.0,6,False,True,False,5,4,2,12,0.5,0.7,1.0,0.89,0.74,0.707,Conditions,REMEDIATION,True,Synthetic recommendation for Conditions based on REMEDIATION_SUCCESS.,False,False,62.0,True,True,False,False,2026-05-06T07:25:00,2026-05-03T13:25:00,REMEDIATION_SUCCESS,synthetic experimental dataset generated from AdaptiveEngine feature schema
46,synthetic.high_performer.35@test.local,ae-runtime-course-structures,Structures de donnees,ae-runtime-concept-variables,91.75,138,11,11,93.32,0,HIGH_PERFORMING,ADVANCED,VALIDATION,LAB,93.63,0,False,,True,2,0,4,7,1.0,0.3,1.0,0.32,0.99,0.722,Variables,COMPLETED,False,Synthetic recommendation for Variables based on HIGH_PERFORMER.,True,True,93.63,True,,False,True,2026-05-01T23:55:00,2026-05-01T18:55:00,HIGH_PERFORMER,synthetic experimental dataset generated from AdaptiveEngine feature schema
47,synthetic.high_performer.20@test.local,ae-runtime-course-structures,Structures de donnees,ae-runtime-concept-pointeurs,87.22,258,25,12,92.55,0,HIGH_PERFORMING,ADVANCED,VALIDATION,REMEDIATION,98.39,1,False,,True,4,1,12,18,1.0,0.3,1.0,0.88,0.88,0.795,Pointeurs,COMPLETED,False,Synthetic recommendation for Pointeurs based on HIGH_PERFORMER.,True,True,98.39,True,,False,True,2026-05-03T08:40:00,2026-05-01T14:40:00,HIGH_PERFORMER,synthetic experimental dataset generated from AdaptiveEngine feature schema
48,synthetic.remediation_failure.249@test.local,ae-runtime-course-c,Programmation C,ae-runtime-concept-boucles,34.96,295,25,0,49.5,5,NEEDS_REMEDIATION,RECOVERY,REMEDIATION,REMEDIATION,49.69,5,True,False,False,0,5,3,13,0.0,1.0,0.4,0.76,0.41,0.465,Boucles,REMEDIATION,True,Synthetic recommendation for Boucles based on REMEDIATION_FAILURE.,False,False,49.69,False,False,False,False,2026-05-07T02:33:00,2026-05-04T07:33:00,REMEDIATION_FAILURE,synthetic experimental dataset generated from AdaptiveEngine feature schema
49,synthetic.average_learner.75@test.local,ae-runtime-course-algo,Algorithmique,ae-runtime-concept-types,70.05,355,15,6,76.7,0,PROGRESSING,STANDARD,LEARN,LAB,59.51,0,False,,False,6,1,2,10,1.0,0.3,0.7,0.44,0.46,0.642,Types de donnees,LEARN,False,Synthetic recommendation for Types de donnees based on AVERAGE_LEARNER.,False,False,59.51,True,,False,True,2026-05-02T13:15:00,2026-05-02T06:15:00,AVERAGE_LEARNER,synthetic experimental dataset generated from AdaptiveEngine feature schema
50,synthetic.high_performer.36@test.local,ae-runtime-course-structures,Structures de donnees,ae-runtime-concept-listes,83.14,244,14,5,84.2,0,HIGH_PERFORMING,ADVANCED,LEARN,DIAGNOSTIC,89.5,1,False,,True,2,0,6,9,1.0,0.3,1.0,0.69,0.79,0.758,Listes chainees,LEARN,False,Synthetic recommendation for Listes chainees based on HIGH_PERFORMER.,True,True,89.5,False,,False,True,2026-05-03T08:12:00,2026-05-01T19:12:00,HIGH_PERFORMER,synthetic experimental dataset generated from AdaptiveEngine feature schema
51,synthetic.high_performer.21@test.local,ae-runtime-course-algo,Algorithmique,ae-runtime-concept-listes,94.7,253,13,7,97.28,0,HIGH_PERFORMING,ADVANCED,VALIDATION,REMEDIATION,92.6,1,False,,True,3,0,6,10,1.0,0.3,1.0,0.91,0.93,0.804,Listes chainees,COMPLETED,False,Synthetic recommendation for Listes chainees based on HIGH_PERFORMER.,True,True,92.6,True,,False,False,2026-05-02T00:57:00,2026-05-01T14:57:00,HIGH_PERFORMER,synthetic experimental dataset generated from AdaptiveEngine feature schema
52,synthetic.average_learner.57@test.local,ae-runtime-course-structures,Structures de donnees,ae-runtime-concept-fonctions,59.85,33,23,5,68.29,2,PROGRESSING,STANDARD,LEARN,VALIDATION,55.27,1,False,,False,0,4,4,10,0.5,0.3,0.7,0.46,0.52,0.476,Fonctions,LEARN,False,Synthetic recommendation for Fonctions based on AVERAGE_LEARNER.,False,False,55.27,False,,False,False,2026-05-05T01:09:00,2026-05-02T01:09:00,AVERAGE_LEARNER,synthetic experimental dataset generated from AdaptiveEngine feature schema
53,synthetic.remediation_failure.241@test.local,ae-runtime-course-algo,Algorithmique,ae-runtime-concept-tableaux,41.57,27,17,2,57.63,3,NEEDS_REMEDIATION,RECOVERY,REMEDIATION,LAB,40.83,6,True,False,False,0,2,5,10,0.0,1.0,0.4,0.38,0.35,0.402,Tableaux,REMEDIATION,True,Synthetic recommendation for Tableaux based on REMEDIATION_FAILURE.,False,False,,False,False,False,False,2026-05-05T18:17:00,2026-05-04T05:17:00,REMEDIATION_FAILURE,synthetic experimental dataset generated from AdaptiveEngine feature schema
54,synthetic.average_learner.105@test.local,ae-runtime-course-c,Programmation C,ae-runtime-concept-conditions,58.4,189,20,0,59.23,0,PROGRESSING,RECOVERY,REMEDIATION,DIAGNOSTIC,53.49,0,False,,False,6,1,3,11,1.0,0.3,0.4,0.31,0.63,0.595,Conditions,REMEDIATION,True,Synthetic recommendation for Conditions based on AVERAGE_LEARNER.,False,False,53.49,True,,False,False,2026-05-03T17:45:00,2026-05-02T14:45:00,AVERAGE_LEARNER,synthetic experimental dataset generated from AdaptiveEngine feature schema
55,synthetic.struggling_learner.141@test.local,ae-runtime-course-c,Programmation C,ae-runtime-concept-tableaux,31.02,284,6,4,25.7,2,NEEDS_REMEDIATION,RECOVERY,REMEDIATION,DIAGNOSTIC,10.33,6,True,,False,0,6,2,10,0.5,1.0,0.4,0.51,0.5,0.612,Tableaux,REMEDIATION,True,Synthetic recommendation for Tableaux based on STRUGGLING_LEARNER.,False,False,10.33,True,,False,False,2026-05-04T05:57:00,2026-05-03T00:57:00,STRUGGLING_LEARNER,synthetic experimental dataset generated from AdaptiveEngine feature schema
56,synthetic.average_learner.102@test.local,ae-runtime-course-algo,Algorithmique,ae-runtime-concept-boucles,73.38,358,13,7,72.39,1,PROGRESSING,RECOVERY,REMEDIATION,REMEDIATION,69.84,2,False,,False,4,3,2,10,0.5,0.7,0.7,0.82,0.77,0.655,Boucles,REMEDIATION,True,Synthetic recommendation for Boucles based on AVERAGE_LEARNER.,True,True,,True,,False,True,2026-05-02T18:54:00,2026-05-02T13:54:00,AVERAGE_LEARNER,synthetic experimental dataset generated from AdaptiveEngine feature schema
57,synthetic.average_learner.119@test.local,ae-runtime-course-structures,Structures de donnees,ae-runtime-concept-listes,77.1,169,24,2,72.99,1,PROGRESSING,RECOVERY,REMEDIATION,DIAGNOSTIC,80.38,1,False,,False,7,6,4,18,0.5,0.7,0.7,0.62,0.56,0.604,Listes chainees,REMEDIATION,True,Synthetic recommendation for Listes chainees based on AVERAGE_LEARNER.,True,True,80.38,True,,False,True,2026-05-05T03:43:00,2026-05-02T18:43:00,AVERAGE_LEARNER,synthetic experimental dataset generated from AdaptiveEngine feature schema
58,synthetic.high_performer.33@test.local,ae-runtime-course-c,Programmation C,ae-runtime-concept-conditions,86.84,149,21,4,92.74,0,HIGH_PERFORMING,ADVANCED,VALIDATION,REMEDIATION,93.84,0,False,,True,2,2,8,13,1.0,0.3,1.0,0.29,0.76,0.694,Conditions,COMPLETED,False,Synthetic recommendation for Conditions based on HIGH_PERFORMER.,True,True,93.84,True,,False,True,2026-05-02T01:21:00,2026-05-01T18:21:00,HIGH_PERFORMER,synthetic experimental dataset generated from AdaptiveEngine feature schema
59,synthetic.struggling_learner.146@test.local,ae-runtime-course-structures,Structures de donnees,ae-runtime-concept-variables,25.31,72,5,2,52.55,3,NEEDS_REMEDIATION,RECOVERY,REMEDIATION,QUIZ,44.5,5,True,,False,0,5,6,14,0.0,1.0,0.4,0.71,0.23,0.44,Variables,REMEDIATION,True,Synthetic recommendation for Variables based on STRUGGLING_LEARNER.,False,False,,True,,False,True,2026-05-05T14:22:00,2026-05-03T02:22:00,STRUGGLING_LEARNER,synthetic experimental dataset generated from AdaptiveEngine feature schema
60,synthetic.average_learner.64@test.local,ae-runtime-course-structures,Structures de donnees,ae-runtime-concept-types,58.69,250,20,0,65.39,1,PROGRESSING,STANDARD,LEARN,DIAGNOSTIC,51.53,0,False,,False,5,6,5,17,0.5,0.7,0.7,0.58,0.47,0.589,Types de donnees,LEARN,False,Synthetic recommendation for Types de donnees based on AVERAGE_LEARNER.,False,False,51.53,False,,False,False,2026-05-02T11:08:00,2026-05-02T03:08:00,AVERAGE_LEARNER,synthetic experimental dataset generated from AdaptiveEngine feature schema
61,synthetic.remediation_failure.232@test.local,ae-runtime-course-algo,Algorithmique,ae-runtime-concept-fonctions,31.29,339,9,7,44.35,2,NEEDS_REMEDIATION,RECOVERY,REMEDIATION,VALIDATION,60.0,3,True,False,False,1,2,0,5,0.5,1.0,0.4,0.22,0.22,0.54,Fonctions,REMEDIATION,True,Synthetic recommendation for Fonctions based on REMEDIATION_FAILURE.,True,True,,True,False,False,True,2026-05-06T22:44:00,2026-05-04T02:44:00,REMEDIATION_FAILURE,synthetic experimental dataset generated from AdaptiveEngine feature schema
62,synthetic.average_learner.115@test.local,ae-runtime-course-structures,Structures de donnees,ae-runtime-concept-pointeurs,52.4,409,26,2,69.23,2,PROGRESSING,STANDARD,LEARN,LAB,65.62,0,False,,False,3,4,2,11,0.5,0.3,0.7,0.48,0.71,0.498,Pointeurs,LEARN,False,Synthetic recommendation for Pointeurs based on AVERAGE_LEARNER.,True,True,65.62,True,,False,True,2026-05-04T16:35:00,2026-05-02T17:35:00,AVERAGE_LEARNER,synthetic experimental dataset generated from AdaptiveEngine feature schema
63,synthetic.struggling_learner.167@test.local,ae-runtime-course-c,Programmation C,ae-runtime-concept-fonctions,28.15,358,5,3,24.11,4,NEEDS_REMEDIATION,RECOVERY,REMEDIATION,LAB,11.4,5,True,,False,1,6,6,17,0.0,1.0,0.4,0.73,0.2,0.44,Fonctions,REMEDIATION,True,Synthetic recommendation for Fonctions based on STRUGGLING_LEARNER.,False,False,11.4,False,,False,False,2026-05-05T12:19:00,2026-05-03T08:19:00,STRUGGLING_LEARNER,synthetic experimental dataset generated from AdaptiveEngine feature schema
64,synthetic.struggling_learner.136@test.local,ae-runtime-course-structures,Structures de donnees,ae-runtime-concept-fonctions,24.99,204,4,7,43.06,5,NEEDS_REMEDIATION,RECOVERY,REMEDIATION,LAB,36.05,5,True,,False,3,2,1,11,0.0,1.0,0.4,0.8,0.24,0.454,Fonctions,REMEDIATION,True,Synthetic recommendation for Fonctions based on STRUGGLING_LEARNER.,False,False,36.05,False,,False,True,2026-05-03T01:32:00,2026-05-02T23:32:00,STRUGGLING_LEARNER,synthetic experimental dataset generated from AdaptiveEngine feature schema
65,synthetic.high_performer.22@test.local,ae-runtime-course-structures,Structures de donnees,ae-runtime-concept-boucles,93.49,361,22,10,86.91,0,HIGH_PERFORMING,ADVANCED,LEARN,VALIDATION,93.84,0,False,,True,2,2,7,12,1.0,0.3,1.0,0.36,0.83,0.712,Boucles,LEARN,False,Synthetic recommendation for Boucles based on HIGH_PERFORMER.,True,True,93.84,True,,False,False,2026-05-04T03:14:00,2026-05-01T15:14:00,HIGH_PERFORMER,synthetic experimental dataset generated from AdaptiveEngine feature schema
66,synthetic.average_learner.99@test.local,ae-runtime-course-structures,Structures de donnees,ae-runtime-concept-types,51.73,252,20,1,67.6,2,PROGRESSING,STANDARD,LEARN,QUIZ,68.95,2,False,,False,1,7,4,14,0.5,0.3,0.7,0.84,0.62,0.543,Types de donnees,LEARN,False,Synthetic recommendation for Types de donnees based on AVERAGE_LEARNER.,True,True,,True,,False,True,2026-05-02T21:03:00,2026-05-02T13:03:00,AVERAGE_LEARNER,synthetic experimental dataset generated from AdaptiveEngine feature schema
67,synthetic.average_learner.62@test.local,ae-runtime-course-c,Programmation C,ae-runtime-concept-types,62.23,199,16,3,57.43,1,PROGRESSING,STANDARD,LEARN,QUIZ,60.0,2,False,,False,4,3,0,8,0.5,0.7,0.4,0.43,0.59,0.533,Types de donnees,LEARN,False,Synthetic recommendation for Types de donnees based on AVERAGE_LEARNER.,True,True,60.0,True,,False,True,2026-05-03T23:34:00,2026-05-02T02:34:00,AVERAGE_LEARNER,synthetic experimental dataset generated from AdaptiveEngine feature schema
68,synthetic.remediation_success.203@test.local,ae-runtime-course-c,Programmation C,ae-runtime-concept-listes,70.45,284,11,2,78.59,1,PROGRESSING,RECOVERY,REMEDIATION,REMEDIATION,85.17,3,False,True,False,7,6,0,14,0.5,0.7,0.7,0.63,0.75,0.625,Listes chainees,LEARN,True,Synthetic recommendation for Listes chainees based on REMEDIATION_SUCCESS.,True,True,85.17,True,True,False,True,2026-05-04T18:31:00,2026-05-03T18:31:00,REMEDIATION_SUCCESS,synthetic experimental dataset generated from AdaptiveEngine feature schema
69,synthetic.high_performer.15@test.local,ae-runtime-course-algo,Algorithmique,ae-runtime-concept-conditions,86.36,102,7,4,90.89,0,HIGH_PERFORMING,ADVANCED,VALIDATION,REMEDIATION,86.46,1,False,,True,7,1,8,17,1.0,0.3,1.0,0.88,0.92,0.799,Conditions,COMPLETED,False,Synthetic recommendation for Conditions based on HIGH_PERFORMER.,True,True,86.46,True,,False,True,2026-05-02T23:15:00,2026-05-01T13:15:00,HIGH_PERFORMER,synthetic experimental dataset generated from AdaptiveEngine feature schema
70,synthetic.remediation_failure.245@test.local,ae-runtime-course-c,Programmation C,ae-runtime-concept-pointeurs,42.99,90,15,5,23.34,3,NEEDS_REMEDIATION,RECOVERY,REMEDIATION,LAB,9.89,6,True,False,False,3,6,1,13,0.0,1.0,0.4,0.52,0.33,0.421,Pointeurs,REMEDIATION,True,Synthetic recommendation for Pointeurs based on REMEDIATION_FAILURE.,False,False,9.89,False,False,False,False,2026-05-05T08:25:00,2026-05-04T06:25:00,REMEDIATION_FAILURE,synthetic experimental dataset generated from AdaptiveEngine feature schema
71,synthetic.remediation_success.215@test.local,ae-runtime-course-algo,Algorithmique,ae-runtime-concept-tableaux,62.06,271,7,7,67.45,2,PROGRESSING,RECOVERY,REMEDIATION,QUIZ,68.85,6,False,True,False,2,6,2,12,0.5,1.0,0.7,0.61,0.84,0.706,Tableaux,LEARN,True,Synthetic recommendation for Tableaux based on REMEDIATION_SUCCESS.,True,True,,False,True,False,False,2026-05-05T09:55:00,2026-05-03T21:55:00,REMEDIATION_SUCCESS,synthetic experimental dataset generated from AdaptiveEngine feature schema
72,synthetic.struggling_learner.126@test.local,ae-runtime-course-algo,Algorithmique,ae-runtime-concept-fonctions,21.98,203,8,2,34.19,5,NEEDS_REMEDIATION,RECOVERY,REMEDIATION,DIAGNOSTIC,19.28,6,True,,False,1,5,2,13,0.0,1.0,0.4,0.52,0.23,0.411,Fonctions,REMEDIATION,True,Synthetic recommendation for Fonctions based on STRUGGLING_LEARNER.,False,False,19.28,False,,False,True,2026-05-03T03:42:00,2026-05-02T20:42:00,STRUGGLING_LEARNER,synthetic experimental dataset generated from AdaptiveEngine feature schema
73,synthetic.struggling_learner.164@test.local,ae-runtime-course-algo,Algorithmique,ae-runtime-concept-conditions,24.55,210,4,4,51.65,3,NEEDS_REMEDIATION,RECOVERY,REMEDIATION,REMEDIATION,60.0,3,True,,False,2,5,4,14,0.0,1.0,0.4,0.47,0.46,0.426,Conditions,REMEDIATION,True,Synthetic recommendation for Conditions based on STRUGGLING_LEARNER.,True,True,,True,,False,True,2026-05-04T14:28:00,2026-05-03T07:28:00,STRUGGLING_LEARNER,synthetic experimental dataset generated from AdaptiveEngine feature schema
74,synthetic.average_learner.109@test.local,ae-runtime-course-c,Programmation C,ae-runtime-concept-listes,62.9,231,26,0,71.85,0,PROGRESSING,RECOVERY,REMEDIATION,QUIZ,77.86,2,False,,False,6,0,6,13,1.0,0.3,0.7,0.87,0.57,0.718,Listes chainees,REMEDIATION,True,Synthetic recommendation for Listes chainees based on AVERAGE_LEARNER.,True,True,,True,,False,True,2026-05-02T16:53:00,2026-05-02T15:53:00,AVERAGE_LEARNER,synthetic experimental dataset generated from AdaptiveEngine feature schema
75,synthetic.high_performer.42@test.local,ae-runtime-course-c,Programmation C,ae-runtime-concept-tableaux,90.83,273,19,3,89.78,1,HIGH_PERFORMING,STANDARD,LEARN,DIAGNOSTIC,93.95,0,False,,False,4,7,11,23,0.5,0.7,1.0,0.38,0.85,0.642,Tableaux,LEARN,False,Synthetic recommendation for Tableaux based on HIGH_PERFORMER.,True,True,,True,,False,True,2026-05-02T16:54:00,2026-05-01T20:54:00,HIGH_PERFORMER,synthetic experimental dataset generated from AdaptiveEngine feature schema
76,synthetic.average_learner.103@test.local,ae-runtime-course-algo,Algorithmique,ae-runtime-concept-boucles,55.77,315,20,3,57.32,2,PROGRESSING,STANDARD,LEARN,VALIDATION,60.0,2,False,,False,1,2,1,6,0.5,0.3,0.4,0.23,0.46,0.391,Boucles,LEARN,False,Synthetic recommendation for Boucles based on AVERAGE_LEARNER.,True,True,60.0,True,,False,True,2026-05-04T07:11:00,2026-05-02T14:11:00,AVERAGE_LEARNER,synthetic experimental dataset generated from AdaptiveEngine feature schema
77,synthetic.remediation_success.198@test.local,ae-runtime-course-c,Programmation C,ae-runtime-concept-pointeurs,62.38,163,16,7,72.2,2,PROGRESSING,RECOVERY,REMEDIATION,QUIZ,62.0,6,False,True,False,3,5,2,12,0.5,1.0,0.7,0.3,0.79,0.654,Pointeurs,REMEDIATION,True,Synthetic recommendation for Pointeurs based on REMEDIATION_SUCCESS.,False,False,62.0,True,True,False,False,2026-05-04T04:06:00,2026-05-03T17:06:00,REMEDIATION_SUCCESS,synthetic experimental dataset generated from AdaptiveEngine feature schema
78,synthetic.remediation_success.189@test.local,ae-runtime-course-structures,Structures de donnees,ae-runtime-concept-boucles,78.18,22,9,6,87.18,0,PROGRESSING,RECOVERY,REMEDIATION,LAB,62.0,3,False,True,False,2,1,8,12,1.0,0.3,1.0,0.75,0.64,0.752,Boucles,REMEDIATION,True,Synthetic recommendation for Boucles based on REMEDIATION_SUCCESS.,False,False,62.0,False,True,False,True,2026-05-04T23:33:00,2026-05-03T14:33:00,REMEDIATION_SUCCESS,synthetic experimental dataset generated from AdaptiveEngine feature schema
79,synthetic.high_performer.47@test.local,ae-runtime-course-structures,Structures de donnees,ae-runtime-concept-variables,96.57,66,14,5,93.41,1,HIGH_PERFORMING,STANDARD,VALIDATION,LAB,92.43,0,False,,False,7,2,4,14,0.5,0.7,1.0,0.34,0.95,0.646,Variables,COMPLETED,False,Synthetic recommendation for Variables based on HIGH_PERFORMER.,True,True,92.43,True,,False,True,2026-05-02T15:19:00,2026-05-01T22:19:00,HIGH_PERFORMER,synthetic experimental dataset generated from AdaptiveEngine feature schema
80,synthetic.remediation_success.180@test.local,ae-runtime-course-structures,Structures de donnees,ae-runtime-concept-pointeurs,61.87,279,21,7,84.01,2,PROGRESSING,RECOVERY,REMEDIATION,QUIZ,85.4,3,False,True,False,1,2,6,11,0.5,1.0,1.0,0.32,0.83,0.706,Pointeurs,LEARN,True,Synthetic recommendation for Pointeurs based on REMEDIATION_SUCCESS.,True,True,85.4,False,True,False,True,2026-05-03T19:00:00,2026-05-03T12:00:00,REMEDIATION_SUCCESS,synthetic experimental dataset generated from AdaptiveEngine feature schema
81,synthetic.remediation_success.213@test.local,ae-runtime-course-c,Programmation C,ae-runtime-concept-pointeurs,72.64,24,18,3,82.71,1,PROGRESSING,RECOVERY,REMEDIATION,LAB,88.11,6,False,True,False,7,7,1,16,0.5,0.7,1.0,0.39,0.78,0.637,Pointeurs,LEARN,True,Synthetic recommendation for Pointeurs based on REMEDIATION_SUCCESS.,True,True,88.11,True,True,False,True,2026-05-06T18:21:00,2026-05-03T21:21:00,REMEDIATION_SUCCESS,synthetic experimental dataset generated from AdaptiveEngine feature schema
82,synthetic.remediation_failure.251@test.local,ae-runtime-course-algo,Algorithmique,ae-runtime-concept-conditions,47.26,66,6,2,55.64,3,NEEDS_REMEDIATION,RECOVERY,REMEDIATION,LAB,63.29,6,True,False,False,3,6,5,17,0.0,1.0,0.4,0.44,0.44,0.42,Conditions,REMEDIATION,True,Synthetic recommendation for Conditions based on REMEDIATION_FAILURE.,,,,,,,,,2026-05-04T08:07:00,REMEDIATION_FAILURE,synthetic experimental dataset generated from AdaptiveEngine feature schema
83,synthetic.remediation_success.202@test.local,ae-runtime-course-algo,Algorithmique,ae-runtime-concept-pointeurs,67.18,232,22,4,84.96,1,PROGRESSING,RECOVERY,REMEDIATION,LAB,82.01,3,False,True,False,3,3,1,8,0.5,0.7,1.0,0.37,0.7,0.625,Pointeurs,LEARN,True,Synthetic recommendation for Pointeurs based on REMEDIATION_SUCCESS.,True,True,82.01,True,True,False,True,2026-05-05T00:14:00,2026-05-03T18:14:00,REMEDIATION_SUCCESS,synthetic experimental dataset generated from AdaptiveEngine feature schema
84,synthetic.remediation_failure.255@test.local,ae-runtime-course-structures,Structures de donnees,ae-runtime-concept-boucles,21.71,111,25,4,25.63,2,NEEDS_REMEDIATION,RECOVERY,REMEDIATION,QUIZ,,4,True,False,False,2,2,0,6,0.5,1.0,0.4,0.7,0.43,0.633,Boucles,REMEDIATION,True,Synthetic recommendation for Boucles based on REMEDIATION_FAILURE.,,,,,,,,,2026-05-04T09:15:00,REMEDIATION_FAILURE,synthetic experimental dataset generated from AdaptiveEngine feature schema
85,synthetic.average_learner.125@test.local,ae-runtime-course-c,Programmation C,ae-runtime-concept-types,57.35,364,17,5,74.84,2,PROGRESSING,RECOVERY,REMEDIATION,QUIZ,62.0,1,False,,False,3,6,1,12,0.5,1.0,0.7,0.64,0.62,0.688,Types de donnees,REMEDIATION,True,Synthetic recommendation for Types de donnees based on AVERAGE_LEARNER.,False,False,62.0,True,,False,True,2026-05-03T07:25:00,2026-05-02T20:25:00,AVERAGE_LEARNER,synthetic experimental dataset generated from AdaptiveEngine feature schema
86,synthetic.remediation_failure.220@test.local,ae-runtime-course-c,Programmation C,ae-runtime-concept-conditions,50.39,158,11,5,44.34,5,NEEDS_REMEDIATION,RECOVERY,REMEDIATION,REMEDIATION,40.71,7,True,False,False,1,4,2,12,0.0,1.0,0.4,0.25,0.53,0.4,Conditions,REMEDIATION,True,Synthetic recommendation for Conditions based on REMEDIATION_FAILURE.,False,False,40.71,False,False,False,False,2026-05-06T02:20:00,2026-05-03T23:20:00,REMEDIATION_FAILURE,synthetic experimental dataset generated from AdaptiveEngine feature schema
87,synthetic.struggling_learner.158@test.local,ae-runtime-course-c,Programmation C,ae-runtime-concept-pointeurs,30.56,303,3,1,36.94,5,NEEDS_REMEDIATION,RECOVERY,REMEDIATION,DIAGNOSTIC,36.72,5,True,,False,0,7,2,14,0.0,1.0,0.4,0.62,0.27,0.43,Pointeurs,REMEDIATION,True,Synthetic recommendation for Pointeurs based on STRUGGLING_LEARNER.,False,False,36.72,False,,False,False,2026-05-04T11:46:00,2026-05-03T05:46:00,STRUGGLING_LEARNER,synthetic experimental dataset generated from AdaptiveEngine feature schema
88,synthetic.average_learner.104@test.local,ae-runtime-course-c,Programmation C,ae-runtime-concept-boucles,58.45,288,24,2,58.29,0,PROGRESSING,RECOVERY,REMEDIATION,LAB,60.52,1,False,,False,7,2,3,13,1.0,0.3,0.4,0.62,0.67,0.645,Boucles,REMEDIATION,True,Synthetic recommendation for Boucles based on AVERAGE_LEARNER.,True,True,60.52,True,,False,True,2026-05-04T15:28:00,2026-05-02T14:28:00,AVERAGE_LEARNER,synthetic experimental dataset generated from AdaptiveEngine feature schema
89,synthetic.average_learner.59@test.local,ae-runtime-course-c,Programmation C,ae-runtime-concept-fonctions,70.2,78,8,4,72.87,0,PROGRESSING,STANDARD,LEARN,LAB,74.18,0,False,,False,5,2,3,11,1.0,0.3,0.7,0.66,0.64,0.693,Fonctions,LEARN,False,Synthetic recommendation for Fonctions based on AVERAGE_LEARNER.,True,True,74.18,True,,False,True,2026-05-04T19:43:00,2026-05-02T01:43:00,AVERAGE_LEARNER,synthetic experimental dataset generated from AdaptiveEngine feature schema
90,synthetic.remediation_success.211@test.local,ae-runtime-course-structures,Structures de donnees,ae-runtime-concept-boucles,73.99,301,18,5,80.5,2,PROGRESSING,RECOVERY,REMEDIATION,LAB,78.1,3,False,True,False,3,5,4,14,0.5,1.0,1.0,0.41,0.66,0.702,Boucles,LEARN,True,Synthetic recommendation for Boucles based on REMEDIATION_SUCCESS.,True,True,78.1,True,True,False,True,2026-05-04T08:47:00,2026-05-03T20:47:00,REMEDIATION_SUCCESS,synthetic experimental dataset generated from AdaptiveEngine feature schema
91,synthetic.remediation_failure.221@test.local,ae-runtime-course-c,Programmation C,ae-runtime-concept-listes,34.49,73,9,1,26.99,3,NEEDS_REMEDIATION,RECOVERY,REMEDIATION,LAB,9.57,5,True,False,False,3,6,0,12,0.0,1.0,0.4,0.5,0.19,0.404,Listes chainees,REMEDIATION,True,Synthetic recommendation for Listes chainees based on REMEDIATION_FAILURE.,False,False,9.57,False,False,False,True,2026-05-04T10:37:00,2026-05-03T23:37:00,REMEDIATION_FAILURE,synthetic experimental dataset generated from AdaptiveEngine feature schema
92,synthetic.average_learner.110@test.local,ae-runtime-course-algo,Algorithmique,ae-runtime-concept-types,69.8,377,23,6,55.21,1,PROGRESSING,RECOVERY,REMEDIATION,REMEDIATION,53.1,0,False,,False,2,2,4,9,0.5,0.7,0.4,0.21,0.62,0.504,Types de donnees,REMEDIATION,True,Synthetic recommendation for Types de donnees based on AVERAGE_LEARNER.,False,False,53.1,True,,False,False,2026-05-05T09:10:00,2026-05-02T16:10:00,AVERAGE_LEARNER,synthetic experimental dataset generated from AdaptiveEngine feature schema
93,synthetic.remediation_success.177@test.local,ae-runtime-course-c,Programmation C,ae-runtime-concept-tableaux,78.84,78,11,5,72.19,0,PROGRESSING,RECOVERY,REMEDIATION,REMEDIATION,62.0,3,False,True,False,4,1,8,14,1.0,0.3,0.7,0.7,0.78,0.713,Tableaux,REMEDIATION,True,Synthetic recommendation for Tableaux based on REMEDIATION_SUCCESS.,False,False,62.0,False,True,False,True,2026-05-04T11:09:00,2026-05-03T11:09:00,REMEDIATION_SUCCESS,synthetic experimental dataset generated from AdaptiveEngine feature schema
94,synthetic.struggling_learner.127@test.local,ae-runtime-course-algo,Algorithmique,ae-runtime-concept-pointeurs,50.77,301,1,3,39.21,5,NEEDS_REMEDIATION,RECOVERY,REMEDIATION,VALIDATION,26.16,6,True,,False,2,2,2,11,0.0,1.0,0.4,0.26,0.35,0.384,Pointeurs,REMEDIATION,True,Synthetic recommendation for Pointeurs based on STRUGGLING_LEARNER.,False,False,26.16,False,,False,True,2026-05-05T12:59:00,2026-05-02T20:59:00,STRUGGLING_LEARNER,synthetic experimental dataset generated from AdaptiveEngine feature schema
95,synthetic.remediation_success.187@test.local,ae-runtime-course-structures,Structures de donnees,ae-runtime-concept-types,58.66,335,10,0,68.34,0,PROGRESSING,RECOVERY,REMEDIATION,VALIDATION,62.0,5,False,True,False,7,1,1,10,1.0,0.3,0.7,0.71,0.76,0.713,Types de donnees,REMEDIATION,True,Synthetic recommendation for Types de donnees based on REMEDIATION_SUCCESS.,False,False,62.0,False,True,False,False,2026-05-04T03:59:00,2026-05-03T13:59:00,REMEDIATION_SUCCESS,synthetic experimental dataset generated from AdaptiveEngine feature schema
96,synthetic.average_learner.60@test.local,ae-runtime-course-c,Programmation C,ae-runtime-concept-listes,64.75,292,10,4,62.09,2,PROGRESSING,STANDARD,LEARN,QUIZ,60.0,0,False,,False,2,4,0,8,0.5,0.3,0.7,0.91,0.52,0.543,Listes chainees,LEARN,False,Synthetic recommendation for Listes chainees based on AVERAGE_LEARNER.,True,True,,True,,False,True,2026-05-04T03:00:00,2026-05-02T02:00:00,AVERAGE_LEARNER,synthetic experimental dataset generated from AdaptiveEngine feature schema
97,synthetic.high_performer.11@test.local,ae-runtime-course-structures,Structures de donnees,ae-runtime-concept-types,82.81,166,18,3,97.99,0,HIGH_PERFORMING,ADVANCED,LEARN,REMEDIATION,100.0,0,False,,True,3,1,4,9,1.0,0.3,1.0,0.56,0.95,0.754,Types de donnees,LEARN,False,Synthetic recommendation for Types de donnees based on HIGH_PERFORMER.,True,True,100.0,True,,False,True,2026-05-03T23:07:00,2026-05-01T12:07:00,HIGH_PERFORMER,synthetic experimental dataset generated from AdaptiveEngine feature schema
98,synthetic.average_learner.69@test.local,ae-runtime-course-c,Programmation C,ae-runtime-concept-boucles,77.15,234,21,3,69.04,1,PROGRESSING,STANDARD,LEARN,QUIZ,70.04,0,False,,False,4,7,11,23,0.5,0.7,0.7,0.81,0.7,0.646,Boucles,LEARN,False,Synthetic recommendation for Boucles based on AVERAGE_LEARNER.,True,True,70.04,True,,False,True,2026-05-05T00:33:00,2026-05-02T04:33:00,AVERAGE_LEARNER,synthetic experimental dataset generated from AdaptiveEngine feature schema
99,synthetic.struggling_learner.168@test.local,ae-runtime-course-structures,Structures de donnees,ae-runtime-concept-variables,40.28,279,10,3,57.9,5,NEEDS_REMEDIATION,RECOVERY,REMEDIATION,LAB,44.79,6,True,,False,2,7,5,19,0.0,1.0,0.4,0.64,0.27,0.433,Variables,REMEDIATION,True,Synthetic recommendation for Variables based on STRUGGLING_LEARNER.,False,False,44.79,False,,False,False,2026-05-05T06:36:00,2026-05-03T08:36:00,STRUGGLING_LEARNER,synthetic experimental dataset generated from AdaptiveEngine feature schema
100,synthetic.average_learner.98@test.local,ae-runtime-course-c,Programmation C,ae-runtime-concept-tableaux,67.21,380,21,3,60.04,0,PROGRESSING,RECOVERY,REMEDIATION,LAB,62.79,1,False,,False,3,2,6,12,1.0,0.3,0.7,0.61,0.49,0.671,Tableaux,REMEDIATION,True,Synthetic recommendation for Tableaux based on AVERAGE_LEARNER.,True,True,,True,,False,True,2026-05-05T08:46:00,2026-05-02T12:46:00,AVERAGE_LEARNER,synthetic experimental dataset generated from AdaptiveEngine feature schema
101,synthetic.average_learner.92@test.local,ae-runtime-course-structures,Structures de donnees,ae-runtime-concept-listes,58.88,355,18,6,63.02,2,PROGRESSING,RECOVERY,REMEDIATION,LAB,60.0,1,False,,False,2,3,2,9,0.5,1.0,0.7,0.71,0.76,0.713,Listes chainees,REMEDIATION,True,Synthetic recommendation for Listes chainees based on AVERAGE_LEARNER.,True,True,,True,,False,True,2026-05-04T20:04:00,2026-05-02T11:04:00,AVERAGE_LEARNER,synthetic experimental dataset generated from AdaptiveEngine feature schema
102,synthetic.remediation_success.183@test.local,ae-runtime-course-structures,Structures de donnees,ae-runtime-concept-fonctions,72.24,420,19,1,73.6,0,PROGRESSING,RECOVERY,REMEDIATION,QUIZ,59.73,6,False,True,False,4,2,1,8,1.0,0.3,0.7,0.76,0.58,0.702,Fonctions,REMEDIATION,True,Synthetic recommendation for Fonctions based on REMEDIATION_SUCCESS.,False,False,,True,True,False,False,2026-05-05T23:51:00,2026-05-03T12:51:00,REMEDIATION_SUCCESS,synthetic experimental dataset generated from AdaptiveEngine feature schema
103,synthetic.remediation_failure.229@test.local,ae-runtime-course-algo,Algorithmique,ae-runtime-concept-listes,44.09,139,26,0,25.89,3,NEEDS_REMEDIATION,RECOVERY,REMEDIATION,LAB,60.0,4,True,False,False,0,4,5,12,0.0,1.0,0.4,0.66,0.47,0.456,Listes chainees,REMEDIATION,True,Synthetic recommendation for Listes chainees based on REMEDIATION_FAILURE.,True,True,60.0,True,False,False,False,2026-05-06T16:53:00,2026-05-04T01:53:00,REMEDIATION_FAILURE,synthetic experimental dataset generated from AdaptiveEngine feature schema
104,synthetic.remediation_success.192@test.local,ae-runtime-course-structures,Structures de donnees,ae-runtime-concept-tableaux,71.37,73,11,0,76.7,1,PROGRESSING,RECOVERY,REMEDIATION,QUIZ,80.41,4,False,True,False,7,2,1,11,0.5,0.7,0.7,0.91,0.7,0.661,Tableaux,LEARN,True,Synthetic recommendation for Tableaux based on REMEDIATION_SUCCESS.,True,True,,False,True,False,True,2026-05-05T22:24:00,2026-05-03T15:24:00,REMEDIATION_SUCCESS,synthetic experimental dataset generated from AdaptiveEngine feature schema
105,synthetic.high_performer.46@test.local,ae-runtime-course-c,Programmation C,ae-runtime-concept-tableaux,97.8,160,21,4,85.38,1,HIGH_PERFORMING,STANDARD,VALIDATION,DIAGNOSTIC,87.85,1,False,,False,3,5,9,18,0.5,0.7,1.0,0.49,0.99,0.672,Tableaux,COMPLETED,False,Synthetic recommendation for Tableaux based on HIGH_PERFORMER.,True,True,,True,,False,True,2026-05-04T01:02:00,2026-05-01T22:02:00,HIGH_PERFORMER,synthetic experimental dataset generated from AdaptiveEngine feature schema
106,synthetic.remediation_failure.219@test.local,ae-runtime-course-c,Programmation C,ae-runtime-concept-types,35.74,60,25,3,32.72,4,NEEDS_REMEDIATION,RECOVERY,REMEDIATION,REMEDIATION,21.87,5,True,False,False,1,4,2,11,0.0,1.0,0.4,0.46,0.32,0.411,Types de donnees,REMEDIATION,True,Synthetic recommendation for Types de donnees based on REMEDIATION_FAILURE.,False,False,21.87,False,False,False,True,2026-05-06T09:03:00,2026-05-03T23:03:00,REMEDIATION_FAILURE,synthetic experimental dataset generated from AdaptiveEngine feature schema
107,synthetic.average_learner.58@test.local,ae-runtime-course-structures,Structures de donnees,ae-runtime-concept-fonctions,50.81,234,18,1,61.29,1,PROGRESSING,STANDARD,LEARN,REMEDIATION,68.92,1,False,,False,3,7,5,16,0.5,0.7,0.7,0.31,0.7,0.571,Fonctions,LEARN,False,Synthetic recommendation for Fonctions based on AVERAGE_LEARNER.,True,True,68.92,True,,False,True,2026-05-04T02:26:00,2026-05-02T01:26:00,AVERAGE_LEARNER,synthetic experimental dataset generated from AdaptiveEngine feature schema
108,synthetic.struggling_learner.140@test.local,ae-runtime-course-algo,Algorithmique,ae-runtime-concept-fonctions,42.22,42,6,2,41.91,5,NEEDS_REMEDIATION,RECOVERY,REMEDIATION,DIAGNOSTIC,38.74,5,True,,False,2,2,4,13,0.0,1.0,0.4,0.63,0.21,0.425,Fonctions,REMEDIATION,True,Synthetic recommendation for Fonctions based on STRUGGLING_LEARNER.,False,False,38.74,False,,False,True,2026-05-03T01:40:00,2026-05-03T00:40:00,STRUGGLING_LEARNER,synthetic experimental dataset generated from AdaptiveEngine feature schema
109,synthetic.average_learner.89@test.local,ae-runtime-course-structures,Structures de donnees,ae-runtime-concept-listes,69.84,389,26,0,61.9,1,PROGRESSING,STANDARD,LEARN,DIAGNOSTIC,62.0,1,False,,False,6,5,2,14,0.5,0.7,0.7,0.64,0.72,0.623,Listes chainees,LEARN,False,Synthetic recommendation for Listes chainees based on AVERAGE_LEARNER.,False,False,,False,,False,True,2026-05-03T16:13:00,2026-05-02T10:13:00,AVERAGE_LEARNER,synthetic experimental dataset generated from AdaptiveEngine feature schema
110,synthetic.average_learner.108@test.local,ae-runtime-course-c,Programmation C,ae-runtime-concept-tableaux,61.59,355,19,4,67.94,0,PROGRESSING,RECOVERY,REMEDIATION,LAB,65.93,0,False,,False,3,0,2,6,1.0,0.3,0.7,0.64,0.52,0.678,Tableaux,REMEDIATION,True,Synthetic recommendation for Tableaux based on AVERAGE_LEARNER.,True,True,65.93,True,,False,True,2026-05-05T14:36:00,2026-05-02T15:36:00,AVERAGE_LEARNER,synthetic experimental dataset generated from AdaptiveEngine feature schema
111,synthetic.remediation_failure.217@test.local,ae-runtime-course-c,Programmation C,ae-runtime-concept-fonctions,26.55,71,17,5,29.99,4,NEEDS_REMEDIATION,RECOVERY,REMEDIATION,LAB,15.95,5,True,False,False,3,4,3,14,0.0,1.0,0.4,0.36,0.28,0.392,Fonctions,REMEDIATION,True,Synthetic recommendation for Fonctions based on REMEDIATION_FAILURE.,False,False,15.95,False,False,False,False,2026-05-05T04:29:00,2026-05-03T22:29:00,REMEDIATION_FAILURE,synthetic experimental dataset generated from AdaptiveEngine feature schema
112,synthetic.average_learner.76@test.local,ae-runtime-course-c,Programmation C,ae-runtime-concept-pointeurs,74.91,170,22,4,72.1,1,PROGRESSING,STANDARD,LEARN,LAB,68.13,1,False,,False,2,7,3,13,0.5,0.7,0.7,0.57,0.75,0.615,Pointeurs,LEARN,False,Synthetic recommendation for Pointeurs based on AVERAGE_LEARNER.,True,True,68.13,False,,False,True,2026-05-05T04:32:00,2026-05-02T06:32:00,AVERAGE_LEARNER,synthetic experimental dataset generated from AdaptiveEngine feature schema
113,synthetic.average_learner.77@test.local,ae-runtime-course-c,Programmation C,ae-runtime-concept-fonctions,58.58,282,17,6,68.86,2,PROGRESSING,RECOVERY,REMEDIATION,QUIZ,76.18,1,False,,False,2,7,6,17,0.5,1.0,0.7,0.75,0.59,0.702,Fonctions,REMEDIATION,True,Synthetic recommendation for Fonctions based on AVERAGE_LEARNER.,True,True,76.18,True,,False,False,2026-05-04T05:49:00,2026-05-02T06:49:00,AVERAGE_LEARNER,synthetic experimental dataset generated from AdaptiveEngine feature schema
114,synthetic.remediation_failure.240@test.local,ae-runtime-course-algo,Algorithmique,ae-runtime-concept-conditions,36.83,324,19,5,27.53,3,NEEDS_REMEDIATION,RECOVERY,REMEDIATION,DIAGNOSTIC,18.63,7,True,False,False,0,2,5,10,0.0,1.0,0.4,0.4,0.33,0.403,Conditions,REMEDIATION,True,Synthetic recommendation for Conditions based on REMEDIATION_FAILURE.,False,False,18.63,True,False,False,False,2026-05-06T02:00:00,2026-05-04T05:00:00,REMEDIATION_FAILURE,synthetic experimental dataset generated from AdaptiveEngine feature schema
115,synthetic.struggling_learner.169@test.local,ae-runtime-course-structures,Structures de donnees,ae-runtime-concept-conditions,27.99,344,5,6,37.89,3,NEEDS_REMEDIATION,RECOVERY,REMEDIATION,VALIDATION,60.0,5,True,,False,2,4,2,11,0.0,1.0,0.4,0.37,0.43,0.408,Conditions,REMEDIATION,True,Synthetic recommendation for Conditions based on STRUGGLING_LEARNER.,True,True,60.0,True,,False,True,2026-05-03T15:53:00,2026-05-03T08:53:00,STRUGGLING_LEARNER,synthetic experimental dataset generated from AdaptiveEngine feature schema
116,synthetic.high_performer.51@test.local,ae-runtime-course-algo,Algorithmique,ae-runtime-concept-pointeurs,92.48,161,13,8,95.01,1,HIGH_PERFORMING,STANDARD,VALIDATION,QUIZ,97.09,0,False,,False,2,7,9,19,0.5,0.7,1.0,0.53,0.89,0.668,Pointeurs,COMPLETED,False,Synthetic recommendation for Pointeurs based on HIGH_PERFORMER.,True,True,,True,,False,False,2026-05-04T02:27:00,2026-05-01T23:27:00,HIGH_PERFORMER,synthetic experimental dataset generated from AdaptiveEngine feature schema
117,synthetic.high_performer.55@test.local,ae-runtime-course-c,Programmation C,ae-runtime-concept-tableaux,88.09,180,23,6,90.75,1,HIGH_PERFORMING,STANDARD,LEARN,REMEDIATION,91.13,0,False,,False,5,5,7,18,0.5,0.7,1.0,0.69,0.8,0.683,Tableaux,LEARN,False,Synthetic recommendation for Tableaux based on HIGH_PERFORMER.,True,True,,True,,False,True,2026-05-02T13:35:00,2026-05-02T00:35:00,HIGH_PERFORMER,synthetic experimental dataset generated from AdaptiveEngine feature schema
118,synthetic.struggling_learner.166@test.local,ae-runtime-course-algo,Algorithmique,ae-runtime-concept-conditions,38.44,23,8,4,20.32,4,NEEDS_REMEDIATION,RECOVERY,REMEDIATION,VALIDATION,17.22,5,True,,False,1,5,2,12,0.0,1.0,0.4,0.84,0.27,0.463,Conditions,REMEDIATION,True,Synthetic recommendation for Conditions based on STRUGGLING_LEARNER.,False,False,,True,,False,False,2026-05-03T22:02:00,2026-05-03T08:02:00,STRUGGLING_LEARNER,synthetic experimental dataset generated from AdaptiveEngine feature schema
119,synthetic.average_learner.122@test.local,ae-runtime-course-algo,Algorithmique,ae-runtime-concept-listes,60.48,253,9,4,65.65,2,PROGRESSING,STANDARD,LEARN,QUIZ,71.46,2,False,,False,3,2,0,7,0.5,0.3,0.7,0.22,0.67,0.455,Listes chainees,LEARN,False,Synthetic recommendation for Listes chainees based on AVERAGE_LEARNER.,True,True,,True,,False,True,2026-05-04T15:34:00,2026-05-02T19:34:00,AVERAGE_LEARNER,synthetic experimental dataset generated from AdaptiveEngine feature schema
120,synthetic.remediation_failure.227@test.local,ae-runtime-course-algo,Algorithmique,ae-runtime-concept-variables,29.33,286,9,3,34.91,3,NEEDS_REMEDIATION,RECOVERY,REMEDIATION,QUIZ,33.14,4,True,False,False,3,5,1,12,0.0,1.0,0.4,0.82,0.39,0.472,Variables,REMEDIATION,True,Synthetic recommendation for Variables based on REMEDIATION_FAILURE.,False,False,33.14,False,False,False,True,2026-05-04T14:19:00,2026-05-04T01:19:00,REMEDIATION_FAILURE,synthetic experimental dataset generated from AdaptiveEngine feature schema
121,synthetic.high_performer.14@test.local,ae-runtime-course-algo,Algorithmique,ae-runtime-concept-types,90.6,88,23,7,89.11,1,HIGH_PERFORMING,STANDARD,LEARN,LAB,84.21,0,False,,False,6,7,12,26,0.5,0.7,1.0,0.32,0.76,0.624,Types de donnees,LEARN,False,Synthetic recommendation for Types de donnees based on HIGH_PERFORMER.,True,True,,True,,False,True,2026-05-02T02:58:00,2026-05-01T12:58:00,HIGH_PERFORMER,synthetic experimental dataset generated from AdaptiveEngine feature schema
122,synthetic.remediation_success.195@test.local,ae-runtime-course-structures,Structures de donnees,ae-runtime-concept-boucles,61.55,295,26,5,73.99,2,PROGRESSING,RECOVERY,REMEDIATION,VALIDATION,76.21,5,False,True,False,0,6,6,14,0.5,1.0,0.7,0.87,0.8,0.741,Boucles,LEARN,True,Synthetic recommendation for Boucles based on REMEDIATION_SUCCESS.,True,True,76.21,True,True,False,False,2026-05-05T19:15:00,2026-05-03T16:15:00,REMEDIATION_SUCCESS,synthetic experimental dataset generated from AdaptiveEngine feature schema
123,synthetic.remediation_success.196@test.local,ae-runtime-course-c,Programmation C,ae-runtime-concept-boucles,77.46,350,14,3,85.78,1,PROGRESSING,RECOVERY,REMEDIATION,VALIDATION,91.85,4,False,True,False,2,3,4,10,0.5,0.7,1.0,0.66,0.66,0.665,Boucles,LEARN,True,Synthetic recommendation for Boucles based on REMEDIATION_SUCCESS.,True,True,,False,True,False,True,2026-05-06T04:32:00,2026-05-03T16:32:00,REMEDIATION_SUCCESS,synthetic experimental dataset generated from AdaptiveEngine feature schema
124,synthetic.remediation_success.208@test.local,ae-runtime-course-structures,Structures de donnees,ae-runtime-concept-pointeurs,72.68,396,11,5,79.07,1,PROGRESSING,RECOVERY,REMEDIATION,QUIZ,77.37,4,False,True,False,6,6,3,16,0.5,0.7,0.7,0.62,0.86,0.634,Pointeurs,LEARN,True,Synthetic recommendation for Pointeurs based on REMEDIATION_SUCCESS.,True,True,77.37,True,True,False,True,2026-05-05T22:56:00,2026-05-03T19:56:00,REMEDIATION_SUCCESS,synthetic experimental dataset generated from AdaptiveEngine feature schema
125,synthetic.remediation_success.210@test.local,ae-runtime-course-c,Programmation C,ae-runtime-concept-types,73.83,37,26,7,81.66,1,PROGRESSING,RECOVERY,REMEDIATION,VALIDATION,62.0,5,False,True,False,5,2,1,9,0.5,0.7,1.0,0.82,0.84,0.707,Types de donnees,REMEDIATION,True,Synthetic recommendation for Types de donnees based on REMEDIATION_SUCCESS.,False,False,,False,True,False,True,2026-05-04T21:30:00,2026-05-03T20:30:00,REMEDIATION_SUCCESS,synthetic experimental dataset generated from AdaptiveEngine feature schema
126,synthetic.struggling_learner.144@test.local,ae-runtime-course-algo,Algorithmique,ae-runtime-concept-pointeurs,41.83,378,10,0,34.15,2,NEEDS_REMEDIATION,RECOVERY,REMEDIATION,LAB,21.36,3,True,,False,3,7,1,13,0.5,1.0,0.4,0.5,0.51,0.611,Pointeurs,REMEDIATION,True,Synthetic recommendation for Pointeurs based on STRUGGLING_LEARNER.,False,False,21.36,True,,False,True,2026-05-05T04:48:00,2026-05-03T01:48:00,STRUGGLING_LEARNER,synthetic experimental dataset generated from AdaptiveEngine feature schema
127,synthetic.remediation_failure.239@test.local,ae-runtime-course-structures,Structures de donnees,ae-runtime-concept-pointeurs,53.99,276,10,5,48.61,2,NEEDS_REMEDIATION,RECOVERY,REMEDIATION,REMEDIATION,47.01,4,True,False,False,0,5,4,11,0.5,1.0,0.4,0.5,0.4,0.6,Pointeurs,REMEDIATION,True,Synthetic recommendation for Pointeurs based on REMEDIATION_FAILURE.,False,False,47.01,True,False,False,False,2026-05-06T08:43:00,2026-05-04T04:43:00,REMEDIATION_FAILURE,synthetic experimental dataset generated from AdaptiveEngine feature schema
128,synthetic.high_performer.13@test.local,ae-runtime-course-structures,Structures de donnees,ae-runtime-concept-boucles,91.26,254,14,9,80.72,1,HIGH_PERFORMING,STANDARD,LEARN,VALIDATION,81.66,1,False,,False,3,7,8,19,0.5,0.7,1.0,0.44,0.74,0.64,Boucles,LEARN,False,Synthetic recommendation for Boucles based on HIGH_PERFORMER.,True,True,,False,,False,False,2026-05-01T14:41:00,2026-05-01T12:41:00,HIGH_PERFORMER,synthetic experimental dataset generated from AdaptiveEngine feature schema
129,synthetic.remediation_success.197@test.local,ae-runtime-course-structures,Structures de donnees,ae-runtime-concept-types,64.52,309,15,1,69.54,1,PROGRESSING,RECOVERY,REMEDIATION,VALIDATION,70.4,5,False,True,False,3,4,3,11,0.5,0.7,0.7,0.38,0.73,0.585,Types de donnees,LEARN,True,Synthetic recommendation for Types de donnees based on REMEDIATION_SUCCESS.,True,True,70.4,True,True,False,True,2026-05-04T12:49:00,2026-05-03T16:49:00,REMEDIATION_SUCCESS,synthetic experimental dataset generated from AdaptiveEngine feature schema
130,synthetic.remediation_failure.234@test.local,ae-runtime-course-structures,Structures de donnees,ae-runtime-concept-types,23.54,105,23,6,28.78,3,NEEDS_REMEDIATION,RECOVERY,REMEDIATION,QUIZ,18.66,7,True,False,False,0,7,4,14,0.0,1.0,0.4,0.91,0.33,0.48,Types de donnees,REMEDIATION,True,Synthetic recommendation for Types de donnees based on REMEDIATION_FAILURE.,False,False,18.66,False,False,False,True,2026-05-04T17:18:00,2026-05-04T03:18:00,REMEDIATION_FAILURE,synthetic experimental dataset generated from AdaptiveEngine feature schema
131,synthetic.struggling_learner.160@test.local,ae-runtime-course-structures,Structures de donnees,ae-runtime-concept-pointeurs,24.87,420,9,5,51.26,4,NEEDS_REMEDIATION,RECOVERY,REMEDIATION,REMEDIATION,60.0,5,True,,False,2,6,3,15,0.0,1.0,0.4,0.62,0.23,0.426,Pointeurs,REMEDIATION,True,Synthetic recommendation for Pointeurs based on STRUGGLING_LEARNER.,True,True,60.0,True,,False,True,2026-05-06T01:20:00,2026-05-03T06:20:00,STRUGGLING_LEARNER,synthetic experimental dataset generated from AdaptiveEngine feature schema
132,synthetic.high_performer.19@test.local,ae-runtime-course-c,Programmation C,ae-runtime-concept-pointeurs,91.7,388,23,6,89.21,0,HIGH_PERFORMING,ADVANCED,LEARN,LAB,96.55,1,False,,True,4,1,5,11,1.0,0.3,1.0,0.2,0.83,0.688,Pointeurs,LEARN,False,Synthetic recommendation for Pointeurs based on HIGH_PERFORMER.,True,True,,True,,False,True,2026-05-02T06:23:00,2026-05-01T14:23:00,HIGH_PERFORMER,synthetic experimental dataset generated from AdaptiveEngine feature schema
133,synthetic.high_performer.44@test.local,ae-runtime-course-c,Programmation C,ae-runtime-concept-listes,95.96,203,26,4,80.65,1,HIGH_PERFORMING,STANDARD,LEARN,LAB,87.39,0,False,,False,5,3,8,17,0.5,0.7,1.0,0.27,0.74,0.614,Listes chainees,LEARN,False,Synthetic recommendation for Listes chainees based on HIGH_PERFORMER.,True,True,87.39,True,,False,True,2026-05-03T11:28:00,2026-05-01T21:28:00,HIGH_PERFORMER,synthetic experimental dataset generated from AdaptiveEngine feature schema
134,synthetic.average_learner.63@test.local,ae-runtime-course-algo,Algorithmique,ae-runtime-concept-fonctions,55.52,160,20,7,68.86,2,PROGRESSING,STANDARD,LEARN,VALIDATION,54.18,0,False,,False,2,7,2,13,0.5,0.3,0.7,0.67,0.7,0.525,Fonctions,LEARN,False,Synthetic recommendation for Fonctions based on AVERAGE_LEARNER.,False,False,54.18,True,,False,True,2026-05-03T17:51:00,2026-05-02T02:51:00,AVERAGE_LEARNER,synthetic experimental dataset generated from AdaptiveEngine feature schema
135,synthetic.average_learner.73@test.local,ae-runtime-course-structures,Structures de donnees,ae-runtime-concept-boucles,70.12,260,22,5,61.7,1,PROGRESSING,RECOVERY,REMEDIATION,DIAGNOSTIC,63.3,0,False,,False,2,6,4,13,0.5,0.7,0.7,0.7,0.45,0.605,Boucles,REMEDIATION,True,Synthetic recommendation for Boucles based on AVERAGE_LEARNER.,True,True,,True,,False,True,2026-05-04T07:41:00,2026-05-02T05:41:00,AVERAGE_LEARNER,synthetic experimental dataset generated from AdaptiveEngine feature schema
136,synthetic.remediation_success.184@test.local,ae-runtime-course-algo,Algorithmique,ae-runtime-concept-pointeurs,59.21,280,10,7,79.56,0,PROGRESSING,RECOVERY,REMEDIATION,QUIZ,75.19,6,False,True,False,2,2,5,10,1.0,0.3,0.7,0.92,0.76,0.744,Pointeurs,LEARN,True,Synthetic recommendation for Pointeurs based on REMEDIATION_SUCCESS.,True,True,,False,True,False,True,2026-05-06T03:08:00,2026-05-03T13:08:00,REMEDIATION_SUCCESS,synthetic experimental dataset generated from AdaptiveEngine feature schema
137,synthetic.struggling_learner.149@test.local,ae-runtime-course-structures,Structures de donnees,ae-runtime-concept-variables,51.64,101,6,3,49.71,5,NEEDS_REMEDIATION,RECOVERY,REMEDIATION,DIAGNOSTIC,49.5,5,True,,False,0,4,0,9,0.0,1.0,0.4,0.33,0.3,0.389,Variables,REMEDIATION,True,Synthetic recommendation for Variables based on STRUGGLING_LEARNER.,False,False,49.5,True,,False,True,2026-05-04T09:13:00,2026-05-03T03:13:00,STRUGGLING_LEARNER,synthetic experimental dataset generated from AdaptiveEngine feature schema
138,synthetic.struggling_learner.152@test.local,ae-runtime-course-c,Programmation C,ae-runtime-concept-variables,18.75,352,7,1,42.29,2,NEEDS_REMEDIATION,RECOVERY,REMEDIATION,LAB,27.29,5,True,,False,2,4,2,10,0.5,1.0,0.4,0.91,0.49,0.67,Variables,REMEDIATION,True,Synthetic recommendation for Variables based on STRUGGLING_LEARNER.,False,False,27.29,False,,False,True,2026-05-05T19:04:00,2026-05-03T04:04:00,STRUGGLING_LEARNER,synthetic experimental dataset generated from AdaptiveEngine feature schema
139,synthetic.average_learner.90@test.local,ae-runtime-course-algo,Algorithmique,ae-runtime-concept-pointeurs,54.14,381,10,6,70.66,2,PROGRESSING,STANDARD,LEARN,QUIZ,75.73,0,False,,False,1,5,4,12,0.5,0.3,0.7,0.44,0.46,0.467,Pointeurs,LEARN,False,Synthetic recommendation for Pointeurs based on AVERAGE_LEARNER.,True,True,,False,,False,True,2026-05-02T18:30:00,2026-05-02T10:30:00,AVERAGE_LEARNER,synthetic experimental dataset generated from AdaptiveEngine feature schema
140,synthetic.struggling_learner.139@test.local,ae-runtime-course-c,Programmation C,ae-runtime-concept-conditions,22.06,191,5,2,46.9,3,NEEDS_REMEDIATION,RECOVERY,REMEDIATION,REMEDIATION,46.08,6,True,,False,2,3,5,13,0.0,1.0,0.4,0.79,0.42,0.47,Conditions,REMEDIATION,True,Synthetic recommendation for Conditions based on STRUGGLING_LEARNER.,False,False,46.08,False,,False,True,2026-05-03T04:23:00,2026-05-03T00:23:00,STRUGGLING_LEARNER,synthetic experimental dataset generated from AdaptiveEngine feature schema
141,synthetic.remediation_success.179@test.local,ae-runtime-course-structures,Structures de donnees,ae-runtime-concept-conditions,70.56,266,22,3,76.23,1,PROGRESSING,RECOVERY,REMEDIATION,LAB,78.03,3,False,True,False,7,4,4,16,0.5,0.7,0.7,0.44,0.83,0.604,Conditions,LEARN,True,Synthetic recommendation for Conditions based on REMEDIATION_SUCCESS.,True,True,78.03,True,True,False,True,2026-05-04T19:43:00,2026-05-03T11:43:00,REMEDIATION_SUCCESS,synthetic experimental dataset generated from AdaptiveEngine feature schema
142,synthetic.struggling_learner.165@test.local,ae-runtime-course-algo,Algorithmique,ae-runtime-concept-listes,37.95,419,10,3,33.29,4,NEEDS_REMEDIATION,RECOVERY,REMEDIATION,DIAGNOSTIC,60.0,3,True,,False,1,7,1,13,0.0,1.0,0.4,0.24,0.24,0.37,Listes chainees,REMEDIATION,True,Synthetic recommendation for Listes chainees based on STRUGGLING_LEARNER.,True,True,60.0,True,,False,True,2026-05-03T10:45:00,2026-05-03T07:45:00,STRUGGLING_LEARNER,synthetic experimental dataset generated from AdaptiveEngine feature schema
143,synthetic.struggling_learner.132@test.local,ae-runtime-course-structures,Structures de donnees,ae-runtime-concept-variables,19.56,148,7,3,43.79,2,NEEDS_REMEDIATION,RECOVERY,REMEDIATION,DIAGNOSTIC,29.29,3,True,,False,1,7,2,12,0.5,1.0,0.4,0.2,0.46,0.561,Variables,REMEDIATION,True,Synthetic recommendation for Variables based on STRUGGLING_LEARNER.,False,False,,True,,False,True,2026-05-04T21:24:00,2026-05-02T22:24:00,STRUGGLING_LEARNER,synthetic experimental dataset generated from AdaptiveEngine feature schema
144,synthetic.high_performer.4@test.local,ae-runtime-course-algo,Algorithmique,ae-runtime-concept-conditions,89.4,355,16,9,84.86,0,HIGH_PERFORMING,ADVANCED,LEARN,REMEDIATION,91.73,1,False,,True,4,0,7,12,1.0,0.3,1.0,0.22,0.98,0.706,Conditions,LEARN,False,Synthetic recommendation for Conditions based on HIGH_PERFORMER.,True,True,91.73,True,,False,True,2026-05-02T14:08:00,2026-05-01T10:08:00,HIGH_PERFORMER,synthetic experimental dataset generated from AdaptiveEngine feature schema
145,synthetic.remediation_failure.218@test.local,ae-runtime-course-structures,Structures de donnees,ae-runtime-concept-pointeurs,49.97,50,26,5,27.45,3,NEEDS_REMEDIATION,RECOVERY,REMEDIATION,QUIZ,60.0,6,True,False,False,3,4,2,12,0.0,1.0,0.4,0.57,0.48,0.443,Pointeurs,REMEDIATION,True,Synthetic recommendation for Pointeurs based on REMEDIATION_FAILURE.,True,True,60.0,True,False,False,True,2026-05-04T19:46:00,2026-05-03T22:46:00,REMEDIATION_FAILURE,synthetic experimental dataset generated from AdaptiveEngine feature schema
146,synthetic.struggling_learner.256@test.local,ae-runtime-course-structures,Structures de donnees,ae-runtime-concept-conditions,50.85,88,7,1,48.47,2,NEEDS_REMEDIATION,RECOVERY,REMEDIATION,DIAGNOSTIC,,3,True,,False,3,6,0,11,0.5,1.0,0.4,0.44,0.3,0.581,Conditions,REMEDIATION,True,Synthetic recommendation for Conditions based on STRUGGLING_LEARNER.,,,,,,,,,2026-05-04T09:32:00,STRUGGLING_LEARNER,synthetic experimental dataset generated from AdaptiveEngine feature schema
147,synthetic.high_performer.41@test.local,ae-runtime-course-structures,Structures de donnees,ae-runtime-concept-conditions,88.14,96,16,11,96.59,0,HIGH_PERFORMING,ADVANCED,VALIDATION,REMEDIATION,100.0,0,False,,True,4,0,8,13,1.0,0.3,1.0,0.84,0.86,0.787,Conditions,COMPLETED,False,Synthetic recommendation for Conditions based on HIGH_PERFORMER.,True,True,,True,,False,True,2026-05-04T11:37:00,2026-05-01T20:37:00,HIGH_PERFORMER,synthetic experimental dataset generated from AdaptiveEngine feature schema
148,synthetic.remediation_failure.238@test.local,ae-runtime-course-structures,Structures de donnees,ae-runtime-concept-pointeurs,22.75,277,13,0,22.13,4,NEEDS_REMEDIATION,RECOVERY,REMEDIATION,QUIZ,15.67,6,True,False,False,3,2,2,11,0.0,1.0,0.4,0.29,0.47,0.4,Pointeurs,REMEDIATION,True,Synthetic recommendation for Pointeurs based on REMEDIATION_FAILURE.,False,False,15.67,False,False,False,True,2026-05-05T22:26:00,2026-05-04T04:26:00,REMEDIATION_FAILURE,synthetic experimental dataset generated from AdaptiveEngine feature schema
149,synthetic.remediation_success.214@test.local,ae-runtime-course-algo,Algorithmique,ae-runtime-concept-pointeurs,75.52,125,14,2,83.88,0,PROGRESSING,RECOVERY,REMEDIATION,QUIZ,85.37,6,False,True,False,7,2,7,17,1.0,0.3,1.0,0.87,0.57,0.762,Pointeurs,LEARN,True,Synthetic recommendation for Pointeurs based on REMEDIATION_SUCCESS.,True,True,85.37,True,True,False,True,2026-05-05T07:38:00,2026-05-03T21:38:00,REMEDIATION_SUCCESS,synthetic experimental dataset generated from AdaptiveEngine feature schema
150,synthetic.high_performer.31@test.local,ae-runtime-course-c,Programmation C,ae-runtime-concept-variables,90.27,262,21,10,83.44,1,HIGH_PERFORMING,STANDARD,LEARN,VALIDATION,81.32,1,False,,False,2,2,8,13,0.5,0.7,1.0,0.68,0.79,0.681,Variables,LEARN,False,Synthetic recommendation for Variables based on HIGH_PERFORMER.,True,True,81.32,True,,False,True,2026-05-03T17:47:00,2026-05-01T17:47:00,HIGH_PERFORMER,synthetic experimental dataset generated from AdaptiveEngine feature schema
151,synthetic.average_learner.113@test.local,ae-runtime-course-structures,Structures de donnees,ae-runtime-concept-fonctions,75.18,189,18,1,67.96,1,PROGRESSING,STANDARD,LEARN,REMEDIATION,62.0,0,False,,False,4,3,7,15,0.5,0.7,0.7,0.76,0.46,0.615,Fonctions,LEARN,False,Synthetic recommendation for Fonctions based on AVERAGE_LEARNER.,False,False,,False,,False,False,2026-05-05T15:01:00,2026-05-02T17:01:00,AVERAGE_LEARNER,synthetic experimental dataset generated from AdaptiveEngine feature schema
152,synthetic.average_learner.82@test.local,ae-runtime-course-algo,Algorithmique,ae-runtime-concept-pointeurs,64.08,334,13,5,74.97,2,PROGRESSING,RECOVERY,REMEDIATION,VALIDATION,72.52,0,False,,False,2,2,2,8,0.5,1.0,0.7,0.44,0.72,0.668,Pointeurs,REMEDIATION,True,Synthetic recommendation for Pointeurs based on AVERAGE_LEARNER.,True,True,,True,,False,True,2026-05-03T23:14:00,2026-05-02T08:14:00,AVERAGE_LEARNER,synthetic experimental dataset generated from AdaptiveEngine feature schema
153,synthetic.remediation_failure.231@test.local,ae-runtime-course-structures,Structures de donnees,ae-runtime-concept-conditions,35.73,288,25,5,51.14,5,NEEDS_REMEDIATION,RECOVERY,REMEDIATION,REMEDIATION,34.53,3,True,False,False,1,4,5,15,0.0,1.0,0.4,0.86,0.39,0.478,Conditions,REMEDIATION,True,Synthetic recommendation for Conditions based on REMEDIATION_FAILURE.,False,False,,False,False,False,False,2026-05-05T03:27:00,2026-05-04T02:27:00,REMEDIATION_FAILURE,synthetic experimental dataset generated from AdaptiveEngine feature schema
154,synthetic.average_learner.71@test.local,ae-runtime-course-algo,Algorithmique,ae-runtime-concept-pointeurs,51.49,408,26,5,66.55,0,PROGRESSING,STANDARD,LEARN,REMEDIATION,65.28,1,False,,False,3,0,0,4,1.0,0.3,0.7,0.9,0.53,0.718,Pointeurs,LEARN,False,Synthetic recommendation for Pointeurs based on AVERAGE_LEARNER.,True,True,,True,,False,True,2026-05-02T23:07:00,2026-05-02T05:07:00,AVERAGE_LEARNER,synthetic experimental dataset generated from AdaptiveEngine feature schema
155,synthetic.average_learner.74@test.local,ae-runtime-course-c,Programmation C,ae-runtime-concept-fonctions,70.92,376,16,2,63.21,0,PROGRESSING,STANDARD,LEARN,REMEDIATION,52.66,2,False,,False,2,1,4,8,1.0,0.3,0.7,0.75,0.47,0.69,Fonctions,LEARN,False,Synthetic recommendation for Fonctions based on AVERAGE_LEARNER.,False,False,52.66,False,,False,False,2026-05-04T17:58:00,2026-05-02T05:58:00,AVERAGE_LEARNER,synthetic experimental dataset generated from AdaptiveEngine feature schema
156,synthetic.high_performer.50@test.local,ae-runtime-course-algo,Algorithmique,ae-runtime-concept-listes,96.55,234,9,6,85.44,0,HIGH_PERFORMING,ADVANCED,LEARN,VALIDATION,86.34,0,False,,True,6,0,10,17,1.0,0.3,1.0,0.57,0.83,0.743,Listes chainees,LEARN,False,Synthetic recommendation for Listes chainees based on HIGH_PERFORMER.,True,True,86.34,True,,False,True,2026-05-04T21:10:00,2026-05-01T23:10:00,HIGH_PERFORMER,synthetic experimental dataset generated from AdaptiveEngine feature schema
157,synthetic.remediation_success.199@test.local,ae-runtime-course-algo,Algorithmique,ae-runtime-concept-fonctions,77.07,88,7,4,79.41,0,PROGRESSING,RECOVERY,REMEDIATION,REMEDIATION,82.91,3,False,True,False,6,2,11,20,1.0,0.3,0.7,0.36,0.78,0.662,Fonctions,LEARN,True,Synthetic recommendation for Fonctions based on REMEDIATION_SUCCESS.,True,True,82.91,True,True,False,True,2026-05-05T07:23:00,2026-05-03T17:23:00,REMEDIATION_SUCCESS,synthetic experimental dataset generated from AdaptiveEngine feature schema
158,synthetic.average_learner.83@test.local,ae-runtime-course-structures,Structures de donnees,ae-runtime-concept-conditions,66.57,336,6,1,68.35,2,PROGRESSING,RECOVERY,REMEDIATION,DIAGNOSTIC,62.0,2,False,,False,0,7,6,15,0.5,1.0,0.7,0.62,0.51,0.674,Conditions,REMEDIATION,True,Synthetic recommendation for Conditions based on AVERAGE_LEARNER.,False,False,62.0,False,,False,True,2026-05-04T14:31:00,2026-05-02T08:31:00,AVERAGE_LEARNER,synthetic experimental dataset generated from AdaptiveEngine feature schema
159,synthetic.remediation_failure.248@test.local,ae-runtime-course-c,Programmation C,ae-runtime-concept-conditions,49.82,335,14,6,38.67,3,NEEDS_REMEDIATION,RECOVERY,REMEDIATION,REMEDIATION,42.41,4,True,False,False,1,7,5,16,0.0,1.0,0.4,0.93,0.23,0.473,Conditions,REMEDIATION,True,Synthetic recommendation for Conditions based on REMEDIATION_FAILURE.,False,False,,True,False,False,False,2026-05-06T16:16:00,2026-05-04T07:16:00,REMEDIATION_FAILURE,synthetic experimental dataset generated from AdaptiveEngine feature schema
160,synthetic.struggling_learner.163@test.local,ae-runtime-course-c,Programmation C,ae-runtime-concept-tableaux,27.16,419,8,5,35.84,3,NEEDS_REMEDIATION,RECOVERY,REMEDIATION,VALIDATION,21.34,6,True,,False,0,6,6,15,0.0,1.0,0.4,0.51,0.4,0.426,Tableaux,REMEDIATION,True,Synthetic recommendation for Tableaux based on STRUGGLING_LEARNER.,False,False,21.34,False,,False,False,2026-05-04T01:11:00,2026-05-03T07:11:00,STRUGGLING_LEARNER,synthetic experimental dataset generated from AdaptiveEngine feature schema
161,synthetic.remediation_failure.247@test.local,ae-runtime-course-structures,Structures de donnees,ae-runtime-concept-fonctions,25.32,329,25,3,27.14,2,NEEDS_REMEDIATION,RECOVERY,REMEDIATION,REMEDIATION,17.04,7,True,False,False,1,7,0,10,0.5,1.0,0.4,0.66,0.23,0.607,Fonctions,REMEDIATION,True,Synthetic recommendation for Fonctions based on REMEDIATION_FAILURE.,False,False,17.04,False,False,False,False,2026-05-06T23:59:00,2026-05-04T06:59:00,REMEDIATION_FAILURE,synthetic experimental dataset generated from AdaptiveEngine feature schema
162,synthetic.high_performer.6@test.local,ae-runtime-course-structures,Structures de donnees,ae-runtime-concept-listes,90.47,410,15,9,97.48,0,HIGH_PERFORMING,ADVANCED,VALIDATION,QUIZ,100.0,0,False,,True,3,1,4,9,1.0,0.3,1.0,0.46,0.96,0.74,Listes chainees,COMPLETED,False,Synthetic recommendation for Listes chainees based on HIGH_PERFORMER.,True,True,,True,,False,True,2026-05-04T03:42:00,2026-05-01T10:42:00,HIGH_PERFORMER,synthetic experimental dataset generated from AdaptiveEngine feature schema
163,synthetic.high_performer.260@test.local,ae-runtime-course-structures,Structures de donnees,ae-runtime-concept-tableaux,87.46,341,16,10,93.04,0,HIGH_PERFORMING,ADVANCED,LEARN,REMEDIATION,,0,False,,True,5,0,6,12,1.0,0.3,1.0,0.45,0.89,0.731,Tableaux,LEARN,False,Synthetic recommendation for Tableaux based on HIGH_PERFORMER.,,,,,,,,,2026-05-04T10:40:00,HIGH_PERFORMER,synthetic experimental dataset generated from AdaptiveEngine feature schema
164,synthetic.struggling_learner.175@test.local,ae-runtime-course-structures,Structures de donnees,ae-runtime-concept-fonctions,39.18,274,4,3,46.63,2,NEEDS_REMEDIATION,RECOVERY,REMEDIATION,QUIZ,60.0,3,True,,False,2,6,1,11,0.5,1.0,0.4,0.28,0.32,0.559,Fonctions,REMEDIATION,True,Synthetic recommendation for Fonctions based on STRUGGLING_LEARNER.,True,True,60.0,True,,False,True,2026-05-06T09:35:00,2026-05-03T10:35:00,STRUGGLING_LEARNER,synthetic experimental dataset generated from AdaptiveEngine feature schema
165,synthetic.high_performer.27@test.local,ae-runtime-course-algo,Algorithmique,ae-runtime-concept-variables,94.07,418,24,6,97.09,0,HIGH_PERFORMING,ADVANCED,LEARN,QUIZ,100.0,0,False,,True,5,2,8,16,1.0,0.3,1.0,0.7,0.78,0.758,Variables,LEARN,False,Synthetic recommendation for Variables based on HIGH_PERFORMER.,True,True,100.0,True,,False,False,2026-05-02T07:39:00,2026-05-01T16:39:00,HIGH_PERFORMER,synthetic experimental dataset generated from AdaptiveEngine feature schema
166,synthetic.struggling_learner.171@test.local,ae-runtime-course-structures,Structures de donnees,ae-runtime-concept-conditions,28.66,293,2,2,22.2,3,NEEDS_REMEDIATION,RECOVERY,REMEDIATION,QUIZ,13.07,4,True,,False,3,7,3,16,0.0,1.0,0.4,0.77,0.33,0.459,Conditions,REMEDIATION,True,Synthetic recommendation for Conditions based on STRUGGLING_LEARNER.,False,False,,True,,False,False,2026-05-03T14:27:00,2026-05-03T09:27:00,STRUGGLING_LEARNER,synthetic experimental dataset generated from AdaptiveEngine feature schema
167,synthetic.average_learner.120@test.local,ae-runtime-course-c,Programmation C,ae-runtime-concept-listes,53.9,38,25,7,61.97,0,PROGRESSING,RECOVERY,REMEDIATION,LAB,55.12,2,False,,False,6,1,4,12,1.0,0.3,0.7,0.26,0.53,0.622,Listes chainees,REMEDIATION,True,Synthetic recommendation for Listes chainees based on AVERAGE_LEARNER.,False,False,,False,,False,False,2026-05-05T17:00:00,2026-05-02T19:00:00,AVERAGE_LEARNER,synthetic experimental dataset generated from AdaptiveEngine feature schema
168,synthetic.average_learner.86@test.local,ae-runtime-course-structures,Structures de donnees,ae-runtime-concept-listes,63.97,294,17,0,62.1,1,PROGRESSING,RECOVERY,REMEDIATION,DIAGNOSTIC,57.25,2,False,,False,2,4,3,10,0.5,0.7,0.7,0.36,0.46,0.555,Listes chainees,REMEDIATION,True,Synthetic recommendation for Listes chainees based on AVERAGE_LEARNER.,False,False,,False,,False,False,2026-05-03T22:22:00,2026-05-02T09:22:00,AVERAGE_LEARNER,synthetic experimental dataset generated from AdaptiveEngine feature schema
169,synthetic.remediation_failure.258@test.local,ae-runtime-course-c,Programmation C,ae-runtime-concept-conditions,41.5,340,13,4,38.86,5,NEEDS_REMEDIATION,RECOVERY,REMEDIATION,DIAGNOSTIC,,6,True,False,False,1,2,0,8,0.0,1.0,0.4,0.86,0.46,0.485,Conditions,REMEDIATION,True,Synthetic recommendation for Conditions based on REMEDIATION_FAILURE.,,,,,,,,,2026-05-04T10:06:00,REMEDIATION_FAILURE,synthetic experimental dataset generated from AdaptiveEngine feature schema
170,synthetic.remediation_failure.224@test.local,ae-runtime-course-algo,Algorithmique,ae-runtime-concept-listes,53.14,132,12,6,38.13,5,NEEDS_REMEDIATION,RECOVERY,REMEDIATION,LAB,23.72,5,True,False,False,3,5,1,14,0.0,1.0,0.4,0.61,0.18,0.419,Listes chainees,REMEDIATION,True,Synthetic recommendation for Listes chainees based on REMEDIATION_FAILURE.,False,False,,True,False,False,True,2026-05-06T01:28:00,2026-05-04T00:28:00,REMEDIATION_FAILURE,synthetic experimental dataset generated from AdaptiveEngine feature schema
171,synthetic.high_performer.12@test.local,ae-runtime-course-structures,Structures de donnees,ae-runtime-concept-listes,84.48,226,22,5,85.34,0,HIGH_PERFORMING,ADVANCED,LEARN,DIAGNOSTIC,91.41,1,False,,True,2,2,5,10,1.0,0.3,1.0,0.56,0.99,0.758,Listes chainees,LEARN,False,Synthetic recommendation for Listes chainees based on HIGH_PERFORMER.,True,True,91.41,True,,False,False,2026-05-02T19:24:00,2026-05-01T12:24:00,HIGH_PERFORMER,synthetic experimental dataset generated from AdaptiveEngine feature schema
172,synthetic.high_performer.254@test.local,ae-runtime-course-c,Programmation C,ae-runtime-concept-listes,95.69,300,21,10,89.78,1,HIGH_PERFORMING,STANDARD,LEARN,LAB,79.91,0,False,,False,5,5,5,16,0.5,0.7,1.0,0.64,0.72,0.668,Listes chainees,LEARN,False,Synthetic recommendation for Listes chainees based on HIGH_PERFORMER.,,,,,,,,,2026-05-04T08:58:00,HIGH_PERFORMER,synthetic experimental dataset generated from AdaptiveEngine feature schema
173,synthetic.high_performer.2@test.local,ae-runtime-course-algo,Algorithmique,ae-runtime-concept-conditions,93.17,170,17,12,86.12,1,HIGH_PERFORMING,STANDARD,LEARN,VALIDATION,88.09,0,False,,False,4,2,11,18,0.5,0.7,1.0,0.47,0.76,0.647,Conditions,LEARN,False,Synthetic recommendation for Conditions based on HIGH_PERFORMER.,True,True,,True,,False,False,2026-05-04T08:34:00,2026-05-01T09:34:00,HIGH_PERFORMER,synthetic experimental dataset generated from AdaptiveEngine feature schema
174,synthetic.remediation_failure.223@test.local,ae-runtime-course-structures,Structures de donnees,ae-runtime-concept-pointeurs,38.32,196,17,6,44.3,4,NEEDS_REMEDIATION,RECOVERY,REMEDIATION,LAB,26.53,6,True,False,False,2,3,2,11,0.0,1.0,0.4,0.53,0.3,0.419,Pointeurs,REMEDIATION,True,Synthetic recommendation for Pointeurs based on REMEDIATION_FAILURE.,False,False,26.53,False,False,False,True,2026-05-04T18:11:00,2026-05-04T00:11:00,REMEDIATION_FAILURE,synthetic experimental dataset generated from AdaptiveEngine feature schema
175,synthetic.struggling_learner.134@test.local,ae-runtime-course-c,Programmation C,ae-runtime-concept-types,25.78,341,3,2,23.39,2,NEEDS_REMEDIATION,RECOVERY,REMEDIATION,QUIZ,5.58,5,True,,False,0,6,4,12,0.5,1.0,0.4,0.3,0.45,0.575,Types de donnees,REMEDIATION,True,Synthetic recommendation for Types de donnees based on STRUGGLING_LEARNER.,False,False,5.58,True,,False,False,2026-05-04T02:58:00,2026-05-02T22:58:00,STRUGGLING_LEARNER,synthetic experimental dataset generated from AdaptiveEngine feature schema
176,synthetic.remediation_failure.226@test.local,ae-runtime-course-algo,Algorithmique,ae-runtime-concept-variables,26.51,189,12,5,23.89,5,NEEDS_REMEDIATION,RECOVERY,REMEDIATION,DIAGNOSTIC,60.0,3,True,False,False,3,4,6,18,0.0,1.0,0.4,0.21,0.28,0.37,Variables,REMEDIATION,True,Synthetic recommendation for Variables based on REMEDIATION_FAILURE.,True,True,,True,False,False,True,2026-05-04T06:02:00,2026-05-04T01:02:00,REMEDIATION_FAILURE,synthetic experimental dataset generated from AdaptiveEngine feature schema
177,synthetic.average_learner.118@test.local,ae-runtime-course-c,Programmation C,ae-runtime-concept-tableaux,73.57,183,25,2,63.74,1,PROGRESSING,RECOVERY,REMEDIATION,LAB,62.0,1,False,,False,4,4,4,13,0.5,0.7,0.7,0.84,0.73,0.654,Tableaux,REMEDIATION,True,Synthetic recommendation for Tableaux based on AVERAGE_LEARNER.,False,False,62.0,True,,False,False,2026-05-04T21:26:00,2026-05-02T18:26:00,AVERAGE_LEARNER,synthetic experimental dataset generated from AdaptiveEngine feature schema
178,synthetic.remediation_success.200@test.local,ae-runtime-course-algo,Algorithmique,ae-runtime-concept-pointeurs,67.46,139,24,2,65.24,2,PROGRESSING,RECOVERY,REMEDIATION,DIAGNOSTIC,63.08,4,False,True,False,3,4,0,9,0.5,1.0,0.7,0.33,0.62,0.641,Pointeurs,LEARN,True,Synthetic recommendation for Pointeurs based on REMEDIATION_SUCCESS.,True,True,63.08,True,True,False,True,2026-05-05T17:40:00,2026-05-03T17:40:00,REMEDIATION_SUCCESS,synthetic experimental dataset generated from AdaptiveEngine feature schema
179,synthetic.high_performer.53@test.local,ae-runtime-course-algo,Algorithmique,ae-runtime-concept-conditions,90.64,263,24,8,94.37,0,HIGH_PERFORMING,ADVANCED,LEARN,REMEDIATION,90.05,0,False,,True,2,0,8,11,1.0,0.3,1.0,0.79,0.75,0.768,Conditions,LEARN,False,Synthetic recommendation for Conditions based on HIGH_PERFORMER.,True,True,,True,,False,True,2026-05-02T09:01:00,2026-05-02T00:01:00,HIGH_PERFORMER,synthetic experimental dataset generated from AdaptiveEngine feature schema
180,synthetic.high_performer.34@test.local,ae-runtime-course-algo,Algorithmique,ae-runtime-concept-pointeurs,89.87,321,23,9,90.39,0,HIGH_PERFORMING,ADVANCED,VALIDATION,REMEDIATION,95.47,0,False,,True,6,2,7,16,1.0,0.3,1.0,0.39,0.91,0.724,Pointeurs,COMPLETED,False,Synthetic recommendation for Pointeurs based on HIGH_PERFORMER.,True,True,95.47,False,,False,True,2026-05-03T09:38:00,2026-05-01T18:38:00,HIGH_PERFORMER,synthetic experimental dataset generated from AdaptiveEngine feature schema
181,synthetic.remediation_failure.253@test.local,ae-runtime-course-structures,Structures de donnees,ae-runtime-concept-conditions,25.67,411,20,4,25.5,2,NEEDS_REMEDIATION,RECOVERY,REMEDIATION,LAB,15.57,6,True,False,False,1,2,1,6,0.5,1.0,0.4,0.43,0.47,0.597,Conditions,REMEDIATION,True,Synthetic recommendation for Conditions based on REMEDIATION_FAILURE.,,,,,,,,,2026-05-04T08:41:00,REMEDIATION_FAILURE,synthetic experimental dataset generated from AdaptiveEngine feature schema
182,synthetic.struggling_learner.133@test.local,ae-runtime-course-structures,Structures de donnees,ae-runtime-concept-conditions,19.76,81,8,1,43.77,3,NEEDS_REMEDIATION,RECOVERY,REMEDIATION,REMEDIATION,37.2,6,True,,False,1,6,1,11,0.0,1.0,0.4,0.2,0.43,0.383,Conditions,REMEDIATION,True,Synthetic recommendation for Conditions based on STRUGGLING_LEARNER.,False,False,37.2,True,,False,False,2026-05-04T18:41:00,2026-05-02T22:41:00,STRUGGLING_LEARNER,synthetic experimental dataset generated from AdaptiveEngine feature schema
183,synthetic.high_performer.26@test.local,ae-runtime-course-structures,Structures de donnees,ae-runtime-concept-variables,83.34,46,16,8,87.72,0,HIGH_PERFORMING,ADVANCED,VALIDATION,LAB,86.0,0,False,,True,5,1,10,17,1.0,0.3,1.0,0.36,0.96,0.725,Variables,COMPLETED,False,Synthetic recommendation for Variables based on HIGH_PERFORMER.,True,True,86.0,True,,False,True,2026-05-04T14:22:00,2026-05-01T16:22:00,HIGH_PERFORMER,synthetic experimental dataset generated from AdaptiveEngine feature schema
184,synthetic.high_performer.37@test.local,ae-runtime-course-c,Programmation C,ae-runtime-concept-pointeurs,97.08,410,6,4,89.01,0,HIGH_PERFORMING,ADVANCED,VALIDATION,QUIZ,97.0,0,False,,True,3,2,4,10,1.0,0.3,1.0,0.65,0.86,0.758,Pointeurs,COMPLETED,False,Synthetic recommendation for Pointeurs based on HIGH_PERFORMER.,True,True,97.0,True,,False,True,2026-05-02T01:29:00,2026-05-01T19:29:00,HIGH_PERFORMER,synthetic experimental dataset generated from AdaptiveEngine feature schema
185,synthetic.average_learner.84@test.local,ae-runtime-course-structures,Structures de donnees,ae-runtime-concept-fonctions,67.97,395,11,7,61.95,2,PROGRESSING,RECOVERY,REMEDIATION,LAB,60.0,1,False,,False,3,5,3,13,0.5,1.0,0.7,0.72,0.53,0.691,Fonctions,REMEDIATION,True,Synthetic recommendation for Fonctions based on AVERAGE_LEARNER.,True,True,60.0,True,,False,False,2026-05-04T01:48:00,2026-05-02T08:48:00,AVERAGE_LEARNER,synthetic experimental dataset generated from AdaptiveEngine feature schema
186,synthetic.average_learner.80@test.local,ae-runtime-course-structures,Structures de donnees,ae-runtime-concept-types,65.4,302,9,3,61.68,0,PROGRESSING,STANDARD,LEARN,QUIZ,54.55,2,False,,False,3,0,6,10,1.0,0.3,0.7,0.58,0.55,0.672,Types de donnees,LEARN,False,Synthetic recommendation for Types de donnees based on AVERAGE_LEARNER.,False,False,54.55,False,,False,True,2026-05-04T19:40:00,2026-05-02T07:40:00,AVERAGE_LEARNER,synthetic experimental dataset generated from AdaptiveEngine feature schema
187,synthetic.remediation_failure.244@test.local,ae-runtime-course-c,Programmation C,ae-runtime-concept-variables,21.39,304,17,4,55.05,5,NEEDS_REMEDIATION,RECOVERY,REMEDIATION,LAB,60.6,6,True,False,False,1,6,2,14,0.0,1.0,0.4,0.71,0.3,0.447,Variables,REMEDIATION,True,Synthetic recommendation for Variables based on REMEDIATION_FAILURE.,True,True,60.6,False,False,False,True,2026-05-04T10:08:00,2026-05-04T06:08:00,REMEDIATION_FAILURE,synthetic experimental dataset generated from AdaptiveEngine feature schema
188,synthetic.remediation_success.188@test.local,ae-runtime-course-structures,Structures de donnees,ae-runtime-concept-pointeurs,64.18,135,16,0,83.04,1,PROGRESSING,RECOVERY,REMEDIATION,LAB,80.68,3,False,True,False,2,7,2,12,0.5,0.7,1.0,0.92,0.8,0.718,Pointeurs,LEARN,True,Synthetic recommendation for Pointeurs based on REMEDIATION_SUCCESS.,True,True,,False,True,False,True,2026-05-05T23:16:00,2026-05-03T14:16:00,REMEDIATION_SUCCESS,synthetic experimental dataset generated from AdaptiveEngine feature schema
189,synthetic.remediation_success.194@test.local,ae-runtime-course-c,Programmation C,ae-runtime-concept-tableaux,58.44,222,22,1,80.49,2,PROGRESSING,RECOVERY,REMEDIATION,DIAGNOSTIC,83.38,3,False,True,False,2,7,2,13,0.5,1.0,1.0,0.25,0.72,0.684,Tableaux,LEARN,True,Synthetic recommendation for Tableaux based on REMEDIATION_SUCCESS.,True,True,83.38,False,True,False,True,2026-05-05T16:58:00,2026-05-03T15:58:00,REMEDIATION_SUCCESS,synthetic experimental dataset generated from AdaptiveEngine feature schema
190,synthetic.average_learner.88@test.local,ae-runtime-course-c,Programmation C,ae-runtime-concept-tableaux,71.14,335,21,7,59.58,2,PROGRESSING,STANDARD,LEARN,LAB,60.0,0,False,,False,1,6,4,13,0.5,0.3,0.4,0.74,0.62,0.483,Tableaux,LEARN,False,Synthetic recommendation for Tableaux based on AVERAGE_LEARNER.,True,True,,True,,False,True,2026-05-04T12:56:00,2026-05-02T09:56:00,AVERAGE_LEARNER,synthetic experimental dataset generated from AdaptiveEngine feature schema
191,synthetic.high_performer.49@test.local,ae-runtime-course-structures,Structures de donnees,ae-runtime-concept-tableaux,83.44,187,24,9,87.1,0,HIGH_PERFORMING,ADVANCED,VALIDATION,VALIDATION,90.87,1,False,,True,7,1,5,14,1.0,0.3,1.0,0.7,0.79,0.759,Tableaux,COMPLETED,False,Synthetic recommendation for Tableaux based on HIGH_PERFORMER.,True,True,90.87,True,,False,True,2026-05-04T22:53:00,2026-05-01T22:53:00,HIGH_PERFORMER,synthetic experimental dataset generated from AdaptiveEngine feature schema
192,synthetic.high_performer.40@test.local,ae-runtime-course-structures,Structures de donnees,ae-runtime-concept-boucles,93.36,267,20,4,85.59,1,HIGH_PERFORMING,STANDARD,LEARN,REMEDIATION,62.0,0,False,,False,7,3,11,22,0.5,0.7,1.0,0.88,0.72,0.704,Boucles,LEARN,False,Synthetic recommendation for Boucles based on HIGH_PERFORMER.,False,False,62.0,False,,False,True,2026-05-04T02:20:00,2026-05-01T20:20:00,HIGH_PERFORMER,synthetic experimental dataset generated from AdaptiveEngine feature schema
193,synthetic.struggling_learner.129@test.local,ae-runtime-course-structures,Structures de donnees,ae-runtime-concept-tableaux,47.28,367,9,4,43.19,3,NEEDS_REMEDIATION,RECOVERY,REMEDIATION,DIAGNOSTIC,31.63,4,True,,False,1,4,5,13,0.0,1.0,0.4,0.63,0.33,0.438,Tableaux,REMEDIATION,True,Synthetic recommendation for Tableaux based on STRUGGLING_LEARNER.,False,False,31.63,False,,False,True,2026-05-05T15:33:00,2026-05-02T21:33:00,STRUGGLING_LEARNER,synthetic experimental dataset generated from AdaptiveEngine feature schema
194,synthetic.average_learner.124@test.local,ae-runtime-course-c,Programmation C,ae-runtime-concept-conditions,55.22,115,6,3,70.12,2,PROGRESSING,STANDARD,LEARN,LAB,74.27,2,False,,False,1,4,6,13,0.5,0.3,0.7,0.52,0.58,0.491,Conditions,LEARN,False,Synthetic recommendation for Conditions based on AVERAGE_LEARNER.,True,True,,True,,False,True,2026-05-05T17:08:00,2026-05-02T20:08:00,AVERAGE_LEARNER,synthetic experimental dataset generated from AdaptiveEngine feature schema
195,synthetic.high_performer.7@test.local,ae-runtime-course-algo,Algorithmique,ae-runtime-concept-fonctions,95.47,55,9,8,89.14,1,HIGH_PERFORMING,STANDARD,LEARN,VALIDATION,87.27,0,False,,False,4,3,4,12,0.5,0.7,1.0,0.57,0.78,0.663,Fonctions,LEARN,False,Synthetic recommendation for Fonctions based on HIGH_PERFORMER.,True,True,87.27,True,,False,True,2026-05-04T01:59:00,2026-05-01T10:59:00,HIGH_PERFORMER,synthetic experimental dataset generated from AdaptiveEngine feature schema
196,synthetic.struggling_learner.130@test.local,ae-runtime-course-c,Programmation C,ae-runtime-concept-variables,51.74,226,7,7,52.95,3,NEEDS_REMEDIATION,RECOVERY,REMEDIATION,VALIDATION,40.86,4,True,,False,1,6,5,15,0.0,1.0,0.4,0.82,0.22,0.455,Variables,REMEDIATION,True,Synthetic recommendation for Variables based on STRUGGLING_LEARNER.,False,False,40.86,False,,False,False,2026-05-03T09:50:00,2026-05-02T21:50:00,STRUGGLING_LEARNER,synthetic experimental dataset generated from AdaptiveEngine feature schema
197,synthetic.average_learner.114@test.local,ae-runtime-course-algo,Algorithmique,ae-runtime-concept-types,64.02,303,25,6,77.41,1,PROGRESSING,STANDARD,LEARN,REMEDIATION,75.96,0,False,,False,4,2,5,12,0.5,0.7,0.7,0.78,0.47,0.619,Types de donnees,LEARN,False,Synthetic recommendation for Types de donnees based on AVERAGE_LEARNER.,True,True,,True,,False,True,2026-05-04T15:18:00,2026-05-02T17:18:00,AVERAGE_LEARNER,synthetic experimental dataset generated from AdaptiveEngine feature schema
198,synthetic.high_performer.24@test.local,ae-runtime-course-structures,Structures de donnees,ae-runtime-concept-types,84.21,264,19,3,84.16,0,HIGH_PERFORMING,ADVANCED,VALIDATION,DIAGNOSTIC,90.92,0,False,,True,3,1,10,15,1.0,0.3,1.0,0.61,0.91,0.757,Types de donnees,COMPLETED,False,Synthetic recommendation for Types de donnees based on HIGH_PERFORMER.,True,True,90.92,True,,False,False,2026-05-03T16:48:00,2026-05-01T15:48:00,HIGH_PERFORMER,synthetic experimental dataset generated from AdaptiveEngine feature schema
199,synthetic.high_performer.52@test.local,ae-runtime-course-c,Programmation C,ae-runtime-concept-types,92.6,325,24,6,91.55,0,HIGH_PERFORMING,ADVANCED,VALIDATION,DIAGNOSTIC,94.17,0,False,,True,2,2,7,12,1.0,0.3,1.0,0.29,0.89,0.707,Types de donnees,COMPLETED,False,Synthetic recommendation for Types de donnees based on HIGH_PERFORMER.,True,True,,True,,False,True,2026-05-02T18:44:00,2026-05-01T23:44:00,HIGH_PERFORMER,synthetic experimental dataset generated from AdaptiveEngine feature schema
200,synthetic.high_performer.10@test.local,ae-runtime-course-c,Programmation C,ae-runtime-concept-listes,95.82,58,9,6,80.98,0,HIGH_PERFORMING,ADVANCED,VALIDATION,REMEDIATION,81.81,0,False,,True,3,0,12,16,1.0,0.3,1.0,0.8,0.9,0.785,Listes chainees,COMPLETED,False,Synthetic recommendation for Listes chainees based on HIGH_PERFORMER.,True,True,81.81,True,,False,True,2026-05-02T19:50:00,2026-05-01T11:50:00,HIGH_PERFORMER,synthetic experimental dataset generated from AdaptiveEngine feature schema
201,synthetic.remediation_success.209@test.local,ae-runtime-course-structures,Structures de donnees,ae-runtime-concept-types,77.44,65,23,0,75.27,0,PROGRESSING,RECOVERY,REMEDIATION,DIAGNOSTIC,80.73,3,False,True,False,3,1,4,9,1.0,0.3,0.7,0.79,0.77,0.726,Types de donnees,LEARN,True,Synthetic recommendation for Types de donnees based on REMEDIATION_SUCCESS.,True,True,,True,True,False,True,2026-05-06T04:13:00,2026-05-03T20:13:00,REMEDIATION_SUCCESS,synthetic experimental dataset generated from AdaptiveEngine feature schema
202,synthetic.struggling_learner.257@test.local,ae-runtime-course-c,Programmation C,ae-runtime-concept-pointeurs,35.84,289,10,4,46.44,2,NEEDS_REMEDIATION,RECOVERY,REMEDIATION,VALIDATION,,3,True,,False,3,6,6,17,0.5,1.0,0.4,0.74,0.39,0.635,Pointeurs,REMEDIATION,True,Synthetic recommendation for Pointeurs based on STRUGGLING_LEARNER.,,,,,,,,,2026-05-04T09:49:00,STRUGGLING_LEARNER,synthetic experimental dataset generated from AdaptiveEngine feature schema
203,synthetic.high_performer.45@test.local,ae-runtime-course-algo,Algorithmique,ae-runtime-concept-pointeurs,91.05,366,13,10,94.27,0,HIGH_PERFORMING,ADVANCED,LEARN,VALIDATION,92.59,1,False,,True,7,1,11,20,1.0,0.3,1.0,0.64,0.77,0.748,Pointeurs,LEARN,False,Synthetic recommendation for Pointeurs based on HIGH_PERFORMER.,True,True,92.59,True,,False,True,2026-05-03T10:45:00,2026-05-01T21:45:00,HIGH_PERFORMER,synthetic experimental dataset generated from AdaptiveEngine feature schema
204,synthetic.remediation_success.207@test.local,ae-runtime-course-algo,Algorithmique,ae-runtime-concept-types,65.36,353,6,6,85.17,0,PROGRESSING,RECOVERY,REMEDIATION,VALIDATION,90.63,3,False,True,False,7,0,5,13,1.0,0.3,1.0,0.29,0.68,0.686,Types de donnees,LEARN,True,Synthetic recommendation for Types de donnees based on REMEDIATION_SUCCESS.,True,True,90.63,True,True,False,True,2026-05-06T02:39:00,2026-05-03T19:39:00,REMEDIATION_SUCCESS,synthetic experimental dataset generated from AdaptiveEngine feature schema
205,synthetic.struggling_learner.135@test.local,ae-runtime-course-structures,Structures de donnees,ae-runtime-concept-listes,47.24,418,3,3,23.29,2,NEEDS_REMEDIATION,RECOVERY,REMEDIATION,DIAGNOSTIC,10.75,6,True,,False,2,7,0,11,0.5,1.0,0.4,0.44,0.21,0.572,Listes chainees,REMEDIATION,True,Synthetic recommendation for Listes chainees based on STRUGGLING_LEARNER.,False,False,10.75,False,,False,False,2026-05-04T12:15:00,2026-05-02T23:15:00,STRUGGLING_LEARNER,synthetic experimental dataset generated from AdaptiveEngine feature schema
206,synthetic.average_learner.56@test.local,ae-runtime-course-c,Programmation C,ae-runtime-concept-tableaux,76.7,389,17,2,70.8,0,PROGRESSING,STANDARD,LEARN,DIAGNOSTIC,73.1,0,False,,False,6,0,12,19,1.0,0.3,0.7,0.76,0.61,0.705,Tableaux,LEARN,False,Synthetic recommendation for Tableaux based on AVERAGE_LEARNER.,True,True,73.1,True,,False,False,2026-05-04T07:52:00,2026-05-02T00:52:00,AVERAGE_LEARNER,synthetic experimental dataset generated from AdaptiveEngine feature schema
207,synthetic.average_learner.78@test.local,ae-runtime-course-algo,Algorithmique,ae-runtime-concept-listes,50.97,180,10,7,56.55,1,PROGRESSING,RECOVERY,REMEDIATION,LAB,55.34,1,False,,False,4,4,3,12,0.5,0.7,0.4,0.22,0.71,0.514,Listes chainees,REMEDIATION,True,Synthetic recommendation for Listes chainees based on AVERAGE_LEARNER.,False,False,55.34,False,,False,True,2026-05-04T10:06:00,2026-05-02T07:06:00,AVERAGE_LEARNER,synthetic experimental dataset generated from AdaptiveEngine feature schema
208,synthetic.average_learner.116@test.local,ae-runtime-course-algo,Algorithmique,ae-runtime-concept-conditions,62.07,144,25,5,67.81,0,PROGRESSING,STANDARD,LEARN,VALIDATION,68.19,0,False,,False,5,0,2,8,1.0,0.3,0.7,0.27,0.62,0.633,Conditions,LEARN,False,Synthetic recommendation for Conditions based on AVERAGE_LEARNER.,True,True,,True,,False,True,2026-05-05T17:52:00,2026-05-02T17:52:00,AVERAGE_LEARNER,synthetic experimental dataset generated from AdaptiveEngine feature schema
209,synthetic.average_learner.96@test.local,ae-runtime-course-algo,Algorithmique,ae-runtime-concept-tableaux,54.55,114,12,2,65.56,0,PROGRESSING,RECOVERY,REMEDIATION,QUIZ,62.0,0,False,,False,6,2,3,12,1.0,0.3,0.7,0.63,0.53,0.678,Tableaux,REMEDIATION,True,Synthetic recommendation for Tableaux based on AVERAGE_LEARNER.,False,False,62.0,True,,False,True,2026-05-03T01:12:00,2026-05-02T12:12:00,AVERAGE_LEARNER,synthetic experimental dataset generated from AdaptiveEngine feature schema
210,synthetic.average_learner.61@test.local,ae-runtime-course-structures,Structures de donnees,ae-runtime-concept-tableaux,52.02,336,24,6,74.82,0,PROGRESSING,STANDARD,LEARN,REMEDIATION,62.0,1,False,,False,7,2,3,13,1.0,0.3,0.7,0.63,0.46,0.671,Tableaux,LEARN,False,Synthetic recommendation for Tableaux based on AVERAGE_LEARNER.,False,False,62.0,False,,False,False,2026-05-03T00:17:00,2026-05-02T02:17:00,AVERAGE_LEARNER,synthetic experimental dataset generated from AdaptiveEngine feature schema
211,synthetic.struggling_learner.128@test.local,ae-runtime-course-algo,Algorithmique,ae-runtime-concept-fonctions,44.35,417,4,4,51.28,2,NEEDS_REMEDIATION,RECOVERY,REMEDIATION,QUIZ,40.95,6,True,,False,0,5,2,9,0.5,1.0,0.4,0.28,0.3,0.557,Fonctions,REMEDIATION,True,Synthetic recommendation for Fonctions based on STRUGGLING_LEARNER.,False,False,,True,,False,True,2026-05-03T13:16:00,2026-05-02T21:16:00,STRUGGLING_LEARNER,synthetic experimental dataset generated from AdaptiveEngine feature schema
212,synthetic.high_performer.23@test.local,ae-runtime-course-structures,Structures de donnees,ae-runtime-concept-tableaux,97.2,140,14,6,96.05,1,HIGH_PERFORMING,STANDARD,LEARN,LAB,97.35,1,False,,False,7,4,12,24,0.5,0.7,1.0,0.56,0.89,0.673,Tableaux,LEARN,False,Synthetic recommendation for Tableaux based on HIGH_PERFORMER.,True,True,97.35,True,,False,True,2026-05-03T04:31:00,2026-05-01T15:31:00,HIGH_PERFORMER,synthetic experimental dataset generated from AdaptiveEngine feature schema
213,synthetic.average_learner.106@test.local,ae-runtime-course-c,Programmation C,ae-runtime-concept-types,65.0,117,24,3,74.08,1,PROGRESSING,STANDARD,LEARN,DIAGNOSTIC,62.0,2,False,,False,5,3,6,15,0.5,0.7,0.7,0.34,0.47,0.553,Types de donnees,LEARN,False,Synthetic recommendation for Types de donnees based on AVERAGE_LEARNER.,False,False,62.0,False,,False,False,2026-05-03T19:02:00,2026-05-02T15:02:00,AVERAGE_LEARNER,synthetic experimental dataset generated from AdaptiveEngine feature schema
214,synthetic.average_learner.70@test.local,ae-runtime-course-structures,Structures de donnees,ae-runtime-concept-conditions,74.44,133,9,4,56.2,1,PROGRESSING,STANDARD,LEARN,REMEDIATION,48.09,2,False,,False,2,3,2,8,0.5,0.7,0.4,0.59,0.61,0.559,Conditions,LEARN,False,Synthetic recommendation for Conditions based on AVERAGE_LEARNER.,False,False,48.09,False,,False,False,2026-05-02T16:50:00,2026-05-02T04:50:00,AVERAGE_LEARNER,synthetic experimental dataset generated from AdaptiveEngine feature schema
215,synthetic.high_performer.9@test.local,ae-runtime-course-algo,Algorithmique,ae-runtime-concept-variables,85.66,357,10,12,96.3,0,HIGH_PERFORMING,ADVANCED,VALIDATION,REMEDIATION,100.0,0,False,,True,6,1,7,15,1.0,0.3,1.0,0.36,0.96,0.725,Variables,COMPLETED,False,Synthetic recommendation for Variables based on HIGH_PERFORMER.,True,True,,True,,False,True,2026-05-02T00:33:00,2026-05-01T11:33:00,HIGH_PERFORMER,synthetic experimental dataset generated from AdaptiveEngine feature schema
216,synthetic.remediation_success.182@test.local,ae-runtime-course-structures,Structures de donnees,ae-runtime-concept-boucles,75.02,21,25,7,75.49,0,PROGRESSING,RECOVERY,REMEDIATION,LAB,79.8,4,False,True,False,7,2,9,19,1.0,0.3,0.7,0.78,0.66,0.713,Boucles,LEARN,True,Synthetic recommendation for Boucles based on REMEDIATION_SUCCESS.,True,True,79.8,True,True,False,True,2026-05-04T17:34:00,2026-05-03T12:34:00,REMEDIATION_SUCCESS,synthetic experimental dataset generated from AdaptiveEngine feature schema
217,synthetic.struggling_learner.252@test.local,ae-runtime-course-structures,Structures de donnees,ae-runtime-concept-conditions,42.42,107,7,2,24.69,5,NEEDS_REMEDIATION,RECOVERY,REMEDIATION,LAB,,5,True,,False,3,6,3,17,0.0,1.0,0.4,0.59,0.22,0.42,Conditions,REMEDIATION,True,Synthetic recommendation for Conditions based on STRUGGLING_LEARNER.,,,,,,,,,2026-05-04T08:24:00,STRUGGLING_LEARNER,synthetic experimental dataset generated from AdaptiveEngine feature schema
218,synthetic.remediation_success.181@test.local,ae-runtime-course-c,Programmation C,ae-runtime-concept-pointeurs,79.24,329,9,7,66.81,2,PROGRESSING,RECOVERY,REMEDIATION,VALIDATION,57.88,6,False,True,False,0,2,10,14,0.5,1.0,0.7,0.54,0.69,0.68,Pointeurs,REMEDIATION,True,Synthetic recommendation for Pointeurs based on REMEDIATION_SUCCESS.,False,False,57.88,True,True,False,False,2026-05-04T00:17:00,2026-05-03T12:17:00,REMEDIATION_SUCCESS,synthetic experimental dataset generated from AdaptiveEngine feature schema
219,synthetic.average_learner.79@test.local,ae-runtime-course-algo,Algorithmique,ae-runtime-concept-variables,70.6,64,12,4,66.48,2,PROGRESSING,RECOVERY,REMEDIATION,LAB,51.47,0,False,,False,3,3,0,8,0.5,1.0,0.7,0.73,0.58,0.698,Variables,REMEDIATION,True,Synthetic recommendation for Variables based on AVERAGE_LEARNER.,False,False,51.47,True,,False,False,2026-05-04T16:23:00,2026-05-02T07:23:00,AVERAGE_LEARNER,synthetic experimental dataset generated from AdaptiveEngine feature schema
220,synthetic.remediation_success.193@test.local,ae-runtime-course-structures,Structures de donnees,ae-runtime-concept-pointeurs,74.81,218,8,0,86.61,0,PROGRESSING,RECOVERY,REMEDIATION,REMEDIATION,82.53,3,False,True,False,3,1,4,9,1.0,0.3,1.0,0.23,0.78,0.688,Pointeurs,LEARN,True,Synthetic recommendation for Pointeurs based on REMEDIATION_SUCCESS.,True,True,,False,True,False,True,2026-05-05T20:41:00,2026-05-03T15:41:00,REMEDIATION_SUCCESS,synthetic experimental dataset generated from AdaptiveEngine feature schema
221,synthetic.remediation_success.201@test.local,ae-runtime-course-structures,Structures de donnees,ae-runtime-concept-tableaux,68.09,284,14,4,86.11,0,PROGRESSING,RECOVERY,REMEDIATION,LAB,83.37,5,False,True,False,6,2,4,13,1.0,0.3,1.0,0.59,0.82,0.745,Tableaux,LEARN,True,Synthetic recommendation for Tableaux based on REMEDIATION_SUCCESS.,True,True,83.37,True,True,False,True,2026-05-04T03:57:00,2026-05-03T17:57:00,REMEDIATION_SUCCESS,synthetic experimental dataset generated from AdaptiveEngine feature schema
222,synthetic.remediation_failure.222@test.local,ae-runtime-course-algo,Algorithmique,ae-runtime-concept-pointeurs,30.83,110,16,7,29.4,3,NEEDS_REMEDIATION,RECOVERY,REMEDIATION,VALIDATION,60.0,4,True,False,False,3,6,2,14,0.0,1.0,0.4,0.7,0.29,0.444,Pointeurs,REMEDIATION,True,Synthetic recommendation for Pointeurs based on REMEDIATION_FAILURE.,True,True,60.0,False,False,False,True,2026-05-06T21:54:00,2026-05-03T23:54:00,REMEDIATION_FAILURE,synthetic experimental dataset generated from AdaptiveEngine feature schema
223,synthetic.high_performer.30@test.local,ae-runtime-course-structures,Structures de donnees,ae-runtime-concept-fonctions,87.16,163,18,8,84.42,1,HIGH_PERFORMING,STANDARD,LEARN,VALIDATION,81.78,1,False,,False,2,5,9,17,0.5,0.7,1.0,0.63,0.98,0.693,Fonctions,LEARN,False,Synthetic recommendation for Fonctions based on HIGH_PERFORMER.,True,True,81.78,True,,False,True,2026-05-03T13:30:00,2026-05-01T17:30:00,HIGH_PERFORMER,synthetic experimental dataset generated from AdaptiveEngine feature schema
224,synthetic.struggling_learner.153@test.local,ae-runtime-course-structures,Structures de donnees,ae-runtime-concept-tableaux,25.59,274,10,6,42.38,4,NEEDS_REMEDIATION,RECOVERY,REMEDIATION,QUIZ,60.0,5,True,,False,0,3,4,11,0.0,1.0,0.4,0.2,0.24,0.364,Tableaux,REMEDIATION,True,Synthetic recommendation for Tableaux based on STRUGGLING_LEARNER.,True,True,,True,,False,True,2026-05-03T18:21:00,2026-05-03T04:21:00,STRUGGLING_LEARNER,synthetic experimental dataset generated from AdaptiveEngine feature schema
225,synthetic.high_performer.48@test.local,ae-runtime-course-c,Programmation C,ae-runtime-concept-conditions,85.21,366,21,7,94.16,1,HIGH_PERFORMING,STANDARD,LEARN,REMEDIATION,95.25,1,False,,False,7,4,5,17,0.5,0.7,1.0,0.82,0.97,0.72,Conditions,LEARN,False,Synthetic recommendation for Conditions based on HIGH_PERFORMER.,True,True,95.25,True,,False,False,2026-05-03T03:36:00,2026-05-01T22:36:00,HIGH_PERFORMER,synthetic experimental dataset generated from AdaptiveEngine feature schema
226,synthetic.average_learner.100@test.local,ae-runtime-course-c,Programmation C,ae-runtime-concept-variables,65.65,261,24,1,70.47,0,PROGRESSING,RECOVERY,REMEDIATION,DIAGNOSTIC,62.0,1,False,,False,2,1,2,6,1.0,0.3,0.7,0.76,0.55,0.699,Variables,REMEDIATION,True,Synthetic recommendation for Variables based on AVERAGE_LEARNER.,False,False,62.0,True,,False,True,2026-05-02T22:20:00,2026-05-02T13:20:00,AVERAGE_LEARNER,synthetic experimental dataset generated from AdaptiveEngine feature schema
227,synthetic.struggling_learner.156@test.local,ae-runtime-course-structures,Structures de donnees,ae-runtime-concept-listes,41.95,271,4,6,36.39,5,NEEDS_REMEDIATION,RECOVERY,REMEDIATION,QUIZ,60.0,4,True,,False,2,7,2,16,0.0,1.0,0.4,0.35,0.4,0.402,Listes chainees,REMEDIATION,True,Synthetic recommendation for Listes chainees based on STRUGGLING_LEARNER.,True,True,60.0,True,,False,True,2026-05-06T04:12:00,2026-05-03T05:12:00,STRUGGLING_LEARNER,synthetic experimental dataset generated from AdaptiveEngine feature schema
228,synthetic.struggling_learner.147@test.local,ae-runtime-course-algo,Algorithmique,ae-runtime-concept-boucles,22.44,390,8,2,51.3,2,NEEDS_REMEDIATION,RECOVERY,REMEDIATION,REMEDIATION,60.0,5,True,,False,0,4,0,6,0.5,1.0,0.4,0.25,0.31,0.553,Boucles,REMEDIATION,True,Synthetic recommendation for Boucles based on STRUGGLING_LEARNER.,True,True,60.0,True,,False,True,2026-05-05T10:39:00,2026-05-03T02:39:00,STRUGGLING_LEARNER,synthetic experimental dataset generated from AdaptiveEngine feature schema
229,synthetic.high_performer.43@test.local,ae-runtime-course-structures,Structures de donnees,ae-runtime-concept-tableaux,95.92,365,10,4,95.74,1,HIGH_PERFORMING,STANDARD,LEARN,VALIDATION,98.84,0,False,,False,5,4,9,19,0.5,0.7,1.0,0.69,0.84,0.688,Tableaux,LEARN,False,Synthetic recommendation for Tableaux based on HIGH_PERFORMER.,True,True,98.84,True,,False,True,2026-05-03T16:11:00,2026-05-01T21:11:00,HIGH_PERFORMER,synthetic experimental dataset generated from AdaptiveEngine feature schema
230,synthetic.remediation_failure.236@test.local,ae-runtime-course-c,Programmation C,ae-runtime-concept-variables,45.42,255,16,0,57.35,3,NEEDS_REMEDIATION,RECOVERY,REMEDIATION,LAB,51.59,5,True,False,False,2,6,4,15,0.0,1.0,0.4,0.37,0.41,0.406,Variables,REMEDIATION,True,Synthetic recommendation for Variables based on REMEDIATION_FAILURE.,False,False,,True,False,False,True,2026-05-04T08:52:00,2026-05-04T03:52:00,REMEDIATION_FAILURE,synthetic experimental dataset generated from AdaptiveEngine feature schema
231,synthetic.struggling_learner.137@test.local,ae-runtime-course-structures,Structures de donnees,ae-runtime-concept-pointeurs,30.42,347,1,6,45.95,2,NEEDS_REMEDIATION,RECOVERY,REMEDIATION,VALIDATION,60.0,3,True,,False,2,7,5,16,0.5,1.0,0.4,0.36,0.44,0.583,Pointeurs,REMEDIATION,True,Synthetic recommendation for Pointeurs based on STRUGGLING_LEARNER.,True,True,60.0,True,,False,True,2026-05-03T10:49:00,2026-05-02T23:49:00,STRUGGLING_LEARNER,synthetic experimental dataset generated from AdaptiveEngine feature schema
232,synthetic.struggling_learner.161@test.local,ae-runtime-course-algo,Algorithmique,ae-runtime-concept-conditions,37.26,226,6,6,42.14,2,NEEDS_REMEDIATION,RECOVERY,REMEDIATION,QUIZ,34.82,3,True,,False,2,5,5,14,0.5,1.0,0.4,0.85,0.51,0.664,Conditions,REMEDIATION,True,Synthetic recommendation for Conditions based on STRUGGLING_LEARNER.,False,False,34.82,True,,False,True,2026-05-04T18:37:00,2026-05-03T06:37:00,STRUGGLING_LEARNER,synthetic experimental dataset generated from AdaptiveEngine feature schema
233,synthetic.average_learner.97@test.local,ae-runtime-course-algo,Algorithmique,ae-runtime-concept-variables,57.3,373,13,0,60.42,1,PROGRESSING,STANDARD,LEARN,DIAGNOSTIC,60.0,1,False,,False,7,2,3,13,0.5,0.7,0.7,0.47,0.7,0.595,Variables,LEARN,False,Synthetic recommendation for Variables based on AVERAGE_LEARNER.,True,True,60.0,True,,False,True,2026-05-04T04:29:00,2026-05-02T12:29:00,AVERAGE_LEARNER,synthetic experimental dataset generated from AdaptiveEngine feature schema
234,synthetic.average_learner.87@test.local,ae-runtime-course-c,Programmation C,ae-runtime-concept-conditions,74.71,85,17,4,71.73,1,PROGRESSING,RECOVERY,REMEDIATION,DIAGNOSTIC,72.58,0,False,,False,2,5,4,12,0.5,0.7,0.7,0.62,0.7,0.618,Conditions,REMEDIATION,True,Synthetic recommendation for Conditions based on AVERAGE_LEARNER.,True,True,72.58,False,,False,True,2026-05-03T01:39:00,2026-05-02T09:39:00,AVERAGE_LEARNER,synthetic experimental dataset generated from AdaptiveEngine feature schema
235,synthetic.high_performer.8@test.local,ae-runtime-course-algo,Algorithmique,ae-runtime-concept-listes,97.15,137,26,8,82.97,1,HIGH_PERFORMING,STANDARD,LEARN,VALIDATION,79.54,0,False,,False,5,6,11,23,0.5,0.7,1.0,0.5,0.87,0.662,Listes chainees,LEARN,False,Synthetic recommendation for Listes chainees based on HIGH_PERFORMER.,True,True,79.54,True,,False,True,2026-05-04T10:16:00,2026-05-01T11:16:00,HIGH_PERFORMER,synthetic experimental dataset generated from AdaptiveEngine feature schema
236,synthetic.remediation_failure.216@test.local,ae-runtime-course-structures,Structures de donnees,ae-runtime-concept-fonctions,33.93,214,11,7,48.51,5,NEEDS_REMEDIATION,RECOVERY,REMEDIATION,VALIDATION,40.63,6,True,False,False,0,7,4,16,0.0,1.0,0.4,0.5,0.23,0.408,Fonctions,REMEDIATION,True,Synthetic recommendation for Fonctions based on REMEDIATION_FAILURE.,False,False,40.63,True,False,False,True,2026-05-05T01:12:00,2026-05-03T22:12:00,REMEDIATION_FAILURE,synthetic experimental dataset generated from AdaptiveEngine feature schema
237,synthetic.average_learner.72@test.local,ae-runtime-course-algo,Algorithmique,ae-runtime-concept-types,50.53,325,15,1,59.96,2,PROGRESSING,RECOVERY,REMEDIATION,VALIDATION,63.27,2,False,,False,0,3,3,8,0.5,1.0,0.4,0.42,0.5,0.598,Types de donnees,REMEDIATION,True,Synthetic recommendation for Types de donnees based on AVERAGE_LEARNER.,True,True,63.27,True,,False,True,2026-05-04T21:24:00,2026-05-02T05:24:00,AVERAGE_LEARNER,synthetic experimental dataset generated from AdaptiveEngine feature schema
238,synthetic.high_performer.39@test.local,ae-runtime-course-c,Programmation C,ae-runtime-concept-tableaux,83.85,377,25,10,93.91,0,HIGH_PERFORMING,ADVANCED,VALIDATION,REMEDIATION,91.56,1,False,,True,7,1,4,13,1.0,0.3,1.0,0.59,0.96,0.759,Tableaux,COMPLETED,False,Synthetic recommendation for Tableaux based on HIGH_PERFORMER.,True,True,91.56,False,,False,True,2026-05-04T05:03:00,2026-05-01T20:03:00,HIGH_PERFORMER,synthetic experimental dataset generated from AdaptiveEngine feature schema
239,synthetic.high_performer.17@test.local,ae-runtime-course-c,Programmation C,ae-runtime-concept-conditions,96.81,255,19,6,84.26,0,HIGH_PERFORMING,ADVANCED,LEARN,LAB,84.23,1,False,,True,4,0,5,10,1.0,0.3,1.0,0.89,0.77,0.785,Conditions,LEARN,False,Synthetic recommendation for Conditions based on HIGH_PERFORMER.,True,True,84.23,True,,False,True,2026-05-02T15:49:00,2026-05-01T13:49:00,HIGH_PERFORMER,synthetic experimental dataset generated from AdaptiveEngine feature schema
240,synthetic.average_learner.91@test.local,ae-runtime-course-structures,Structures de donnees,ae-runtime-concept-tableaux,77.95,414,26,4,66.0,0,PROGRESSING,RECOVERY,REMEDIATION,LAB,73.45,1,False,,False,6,1,7,15,1.0,0.3,0.7,0.71,0.57,0.694,Tableaux,REMEDIATION,True,Synthetic recommendation for Tableaux based on AVERAGE_LEARNER.,True,True,73.45,True,,False,True,2026-05-04T01:47:00,2026-05-02T10:47:00,AVERAGE_LEARNER,synthetic experimental dataset generated from AdaptiveEngine feature schema
241,synthetic.remediation_success.204@test.local,ae-runtime-course-structures,Structures de donnees,ae-runtime-concept-variables,80.84,155,21,2,81.74,0,PROGRESSING,RECOVERY,REMEDIATION,QUIZ,87.07,4,False,True,False,3,1,6,11,1.0,0.3,1.0,0.55,0.8,0.738,Variables,LEARN,True,Synthetic recommendation for Variables based on REMEDIATION_SUCCESS.,True,True,,True,True,False,True,2026-05-06T12:48:00,2026-05-03T18:48:00,REMEDIATION_SUCCESS,synthetic experimental dataset generated from AdaptiveEngine feature schema
242,synthetic.remediation_failure.228@test.local,ae-runtime-course-structures,Structures de donnees,ae-runtime-concept-fonctions,52.77,222,7,3,26.03,2,NEEDS_REMEDIATION,RECOVERY,REMEDIATION,QUIZ,17.58,5,True,False,False,0,3,5,10,0.5,1.0,0.4,0.35,0.46,0.584,Fonctions,REMEDIATION,True,Synthetic recommendation for Fonctions based on REMEDIATION_FAILURE.,False,False,17.58,False,False,False,True,2026-05-04T17:36:00,2026-05-04T01:36:00,REMEDIATION_FAILURE,synthetic experimental dataset generated from AdaptiveEngine feature schema
243,synthetic.remediation_failure.235@test.local,ae-runtime-course-structures,Structures de donnees,ae-runtime-concept-tableaux,43.01,204,26,6,40.29,4,NEEDS_REMEDIATION,RECOVERY,REMEDIATION,REMEDIATION,34.68,5,True,False,False,2,6,1,13,0.0,1.0,0.4,0.51,0.41,0.427,Tableaux,REMEDIATION,True,Synthetic recommendation for Tableaux based on REMEDIATION_FAILURE.,False,False,34.68,False,False,False,True,2026-05-05T12:35:00,2026-05-04T03:35:00,REMEDIATION_FAILURE,synthetic experimental dataset generated from AdaptiveEngine feature schema
244,synthetic.remediation_success.205@test.local,ae-runtime-course-c,Programmation C,ae-runtime-concept-listes,73.51,277,22,6,66.58,0,PROGRESSING,RECOVERY,REMEDIATION,DIAGNOSTIC,63.89,3,False,True,False,3,2,0,6,1.0,0.3,0.7,0.84,0.67,0.723,Listes chainees,LEARN,True,Synthetic recommendation for Listes chainees based on REMEDIATION_SUCCESS.,True,True,,True,True,False,True,2026-05-06T16:05:00,2026-05-03T19:05:00,REMEDIATION_SUCCESS,synthetic experimental dataset generated from AdaptiveEngine feature schema
245,synthetic.average_learner.85@test.local,ae-runtime-course-algo,Algorithmique,ae-runtime-concept-tableaux,64.42,117,15,6,57.44,0,PROGRESSING,RECOVERY,REMEDIATION,QUIZ,64.95,1,False,,False,6,1,1,9,1.0,0.3,0.4,0.27,0.53,0.579,Tableaux,REMEDIATION,True,Synthetic recommendation for Tableaux based on AVERAGE_LEARNER.,True,True,,True,,False,True,2026-05-04T02:05:00,2026-05-02T09:05:00,AVERAGE_LEARNER,synthetic experimental dataset generated from AdaptiveEngine feature schema
246,synthetic.remediation_success.176@test.local,ae-runtime-course-c,Programmation C,ae-runtime-concept-tableaux,64.1,71,8,1,65.29,0,PROGRESSING,RECOVERY,REMEDIATION,QUIZ,57.34,6,False,True,False,4,2,1,8,1.0,0.3,0.7,0.78,0.58,0.705,Tableaux,REMEDIATION,True,Synthetic recommendation for Tableaux based on REMEDIATION_SUCCESS.,False,False,,True,True,False,False,2026-05-03T17:52:00,2026-05-03T10:52:00,REMEDIATION_SUCCESS,synthetic experimental dataset generated from AdaptiveEngine feature schema
247,synthetic.struggling_learner.148@test.local,ae-runtime-course-c,Programmation C,ae-runtime-concept-pointeurs,23.88,122,4,4,28.16,4,NEEDS_REMEDIATION,RECOVERY,REMEDIATION,VALIDATION,60.0,6,True,,False,3,5,4,16,0.0,1.0,0.4,0.66,0.24,0.433,Pointeurs,REMEDIATION,True,Synthetic recommendation for Pointeurs based on STRUGGLING_LEARNER.,True,True,60.0,True,,False,True,2026-05-05T08:56:00,2026-05-03T02:56:00,STRUGGLING_LEARNER,synthetic experimental dataset generated from AdaptiveEngine feature schema
248,synthetic.high_performer.54@test.local,ae-runtime-course-structures,Structures de donnees,ae-runtime-concept-types,89.23,331,18,9,83.99,1,HIGH_PERFORMING,STANDARD,LEARN,QUIZ,88.25,1,False,,False,7,2,11,21,0.5,0.7,1.0,0.56,0.89,0.673,Types de donnees,LEARN,False,Synthetic recommendation for Types de donnees based on HIGH_PERFORMER.,True,True,88.25,False,,False,True,2026-05-03T18:18:00,2026-05-02T00:18:00,HIGH_PERFORMER,synthetic experimental dataset generated from AdaptiveEngine feature schema
249,synthetic.high_performer.5@test.local,ae-runtime-course-structures,Structures de donnees,ae-runtime-concept-listes,84.29,325,10,11,82.51,1,HIGH_PERFORMING,STANDARD,VALIDATION,DIAGNOSTIC,88.7,1,False,,False,5,2,4,12,0.5,0.7,1.0,0.95,0.93,0.735,Listes chainees,COMPLETED,False,Synthetic recommendation for Listes chainees based on HIGH_PERFORMER.,True,True,88.7,True,,False,True,2026-05-03T17:25:00,2026-05-01T10:25:00,HIGH_PERFORMER,synthetic experimental dataset generated from AdaptiveEngine feature schema
250,synthetic.struggling_learner.138@test.local,ae-runtime-course-algo,Algorithmique,ae-runtime-concept-fonctions,20.84,252,2,4,23.0,3,NEEDS_REMEDIATION,RECOVERY,REMEDIATION,VALIDATION,10.25,5,True,,False,3,7,6,19,0.0,1.0,0.4,0.77,0.49,0.474,Fonctions,REMEDIATION,True,Synthetic recommendation for Fonctions based on STRUGGLING_LEARNER.,False,False,10.25,False,,False,True,2026-05-03T15:06:00,2026-05-03T00:06:00,STRUGGLING_LEARNER,synthetic experimental dataset generated from AdaptiveEngine feature schema
251,synthetic.struggling_learner.143@test.local,ae-runtime-course-c,Programmation C,ae-runtime-concept-variables,25.92,384,5,1,33.16,2,NEEDS_REMEDIATION,RECOVERY,REMEDIATION,LAB,24.4,5,True,,False,1,6,1,10,0.5,1.0,0.4,0.48,0.47,0.604,Variables,REMEDIATION,True,Synthetic recommendation for Variables based on STRUGGLING_LEARNER.,False,False,,False,,False,True,2026-05-03T20:31:00,2026-05-03T01:31:00,STRUGGLING_LEARNER,synthetic experimental dataset generated from AdaptiveEngine feature schema
252,synthetic.average_learner.81@test.local,ae-runtime-course-algo,Algorithmique,ae-runtime-concept-types,58.66,347,16,1,77.99,2,PROGRESSING,RECOVERY,REMEDIATION,VALIDATION,62.0,1,False,,False,3,5,5,15,0.5,1.0,0.7,0.26,0.69,0.638,Types de donnees,REMEDIATION,True,Synthetic recommendation for Types de donnees based on AVERAGE_LEARNER.,False,False,62.0,False,,False,True,2026-05-05T06:57:00,2026-05-02T07:57:00,AVERAGE_LEARNER,synthetic experimental dataset generated from AdaptiveEngine feature schema
253,synthetic.struggling_learner.174@test.local,ae-runtime-course-structures,Structures de donnees,ae-runtime-concept-variables,30.76,174,2,6,44.33,2,NEEDS_REMEDIATION,RECOVERY,REMEDIATION,REMEDIATION,38.37,3,True,,False,3,5,0,10,0.5,1.0,0.4,0.21,0.44,0.56,Variables,REMEDIATION,True,Synthetic recommendation for Variables based on STRUGGLING_LEARNER.,False,False,38.37,True,,False,False,2026-05-03T12:18:00,2026-05-03T10:18:00,STRUGGLING_LEARNER,synthetic experimental dataset generated from AdaptiveEngine feature schema
254,synthetic.remediation_success.186@test.local,ae-runtime-course-structures,Structures de donnees,ae-runtime-concept-boucles,63.22,166,16,1,79.36,1,PROGRESSING,RECOVERY,REMEDIATION,REMEDIATION,81.94,4,False,True,False,4,6,3,14,0.5,0.7,0.7,0.72,0.64,0.627,Boucles,LEARN,True,Synthetic recommendation for Boucles based on REMEDIATION_SUCCESS.,True,True,,True,True,False,True,2026-05-06T10:42:00,2026-05-03T13:42:00,REMEDIATION_SUCCESS,synthetic experimental dataset generated from AdaptiveEngine feature schema
255,synthetic.struggling_learner.145@test.local,ae-runtime-course-c,Programmation C,ae-runtime-concept-boucles,20.54,371,7,1,27.7,2,NEEDS_REMEDIATION,RECOVERY,REMEDIATION,LAB,60.0,4,True,,False,2,3,3,10,0.5,1.0,0.4,0.55,0.45,0.613,Boucles,REMEDIATION,True,Synthetic recommendation for Boucles based on STRUGGLING_LEARNER.,True,True,60.0,True,,False,True,2026-05-03T23:05:00,2026-05-03T02:05:00,STRUGGLING_LEARNER,synthetic experimental dataset generated from AdaptiveEngine feature schema
256,synthetic.struggling_learner.154@test.local,ae-runtime-course-algo,Algorithmique,ae-runtime-concept-boucles,29.79,231,2,5,32.14,2,NEEDS_REMEDIATION,RECOVERY,REMEDIATION,REMEDIATION,60.0,5,True,,False,2,2,5,11,0.5,1.0,0.4,0.36,0.4,0.579,Boucles,REMEDIATION,True,Synthetic recommendation for Boucles based on STRUGGLING_LEARNER.,True,True,60.0,True,,False,False,2026-05-04T02:38:00,2026-05-03T04:38:00,STRUGGLING_LEARNER,synthetic experimental dataset generated from AdaptiveEngine feature schema
257,synthetic.high_performer.29@test.local,ae-runtime-course-c,Programmation C,ae-runtime-concept-types,90.1,416,20,5,86.14,1,HIGH_PERFORMING,STANDARD,VALIDATION,REMEDIATION,62.0,0,False,,False,5,3,12,21,0.5,0.7,1.0,0.68,0.96,0.698,Types de donnees,LEARN,False,Synthetic recommendation for Types de donnees based on HIGH_PERFORMER.,False,False,62.0,False,,False,True,2026-05-04T14:13:00,2026-05-01T17:13:00,HIGH_PERFORMER,synthetic experimental dataset generated from AdaptiveEngine feature schema
258,synthetic.remediation_success.212@test.local,ae-runtime-course-structures,Structures de donnees,ae-runtime-concept-tableaux,67.03,295,19,1,83.76,0,PROGRESSING,RECOVERY,REMEDIATION,VALIDATION,82.59,6,False,True,False,6,0,4,11,1.0,0.3,1.0,0.4,0.62,0.697,Tableaux,LEARN,True,Synthetic recommendation for Tableaux based on REMEDIATION_SUCCESS.,True,True,,True,True,False,True,2026-05-05T06:04:00,2026-05-03T21:04:00,REMEDIATION_SUCCESS,synthetic experimental dataset generated from AdaptiveEngine feature schema
259,synthetic.remediation_failure.237@test.local,ae-runtime-course-c,Programmation C,ae-runtime-concept-tableaux,51.14,324,8,5,29.49,4,NEEDS_REMEDIATION,RECOVERY,REMEDIATION,LAB,29.66,3,True,False,False,3,3,3,13,0.0,1.0,0.4,0.36,0.28,0.392,Tableaux,REMEDIATION,True,Synthetic recommendation for Tableaux based on REMEDIATION_FAILURE.,False,False,29.66,False,False,False,True,2026-05-04T17:09:00,2026-05-04T04:09:00,REMEDIATION_FAILURE,synthetic experimental dataset generated from AdaptiveEngine feature schema
260,synthetic.struggling_learner.172@test.local,ae-runtime-course-algo,Algorithmique,ae-runtime-concept-tableaux,43.73,253,3,1,40.18,2,NEEDS_REMEDIATION,RECOVERY,REMEDIATION,VALIDATION,28.91,4,True,,False,3,6,4,15,0.5,1.0,0.4,0.46,0.19,0.573,Tableaux,REMEDIATION,True,Synthetic recommendation for Tableaux based on STRUGGLING_LEARNER.,False,False,28.91,True,,False,True,2026-05-04T23:44:00,2026-05-03T09:44:00,STRUGGLING_LEARNER,synthetic experimental dataset generated from AdaptiveEngine feature schema
